Scan_ID,Location,Run,ASUS,BBA-1028,CI3D,CI3D_5G,ConnLab,ConnLab-Guest,IB-9F,Library-Office,MUTEC,NTUST-PEAP,NTUST-UAM,RB501,ROOM-810_ç°æ§,TR-1021_5G,Yie & Esther,Yie Office,eduroam
0,Hallway/LeftEnd,1,-100.0,-100.0,-85.0,-100.0,-59.0,-60.0,-100.0,-59.0,-100.0,-77.66666666666667,-81.0,-100.0,-100.0,-100.0,-100.0,-100.0,-86.5
0,Hallway/LeftEnd,2,-100.0,-100.0,-100.0,-100.0,-62.0,-70.5,-100.0,-62.0,-100.0,-75.16666666666667,-73.0,-100.0,-100.0,-100.0,-100.0,-100.0,-78.0
0,Hallway/LeftEnd,3,-100.0,-100.0,-100.0,-95.0,-60.5,-61.0,-100.0,-62.0,-100.0,-68.57142857142857,-72.11111111111111,-100.0,-100.0,-100.0,-100.0,-100.0,-72.625
0,Hallway/LeftEnd,4,-100.0,-100.0,-100.0,-100.0,-71.0,-70.5,-100.0,-71.5,-100.0,-76.25,-76.7,-100.0,-100.0,-100.0,-98.0,-100.0,-78.11111111111111
0,Hallway/LeftEnd,5,-100.0,-100.0,-100.0,-100.0,-62.5,-64.5,-100.0,-65.5,-100.0,-81.16666666666667,-84.58333333333333,-100.0,-100.0,-100.0,-100.0,-100.0,-87.92857142857143
0,LaptopPriority/CurrentPeriodicals,1,-100.0,-89.0,-100.0,-100.0,-100.0,-100.0,-96.0,-100.0,-100.0,-70.16666666666667,-67.85714285714286,-95.0,-100.0,-100.0,-100.0,-100.0,-75.28571428571429
0,LaptopPriority/CurrentPeriodicals,2,-85.0,-100.0,-100.0,-100.0,-100.0,-100.0,-100.0,-100.0,-100.0,-66.2,-72.5,-100.0,-100.0,-100.0,-100.0,-100.0,-76.14285714285714
0,LaptopPriority/CurrentPeriodicals,3,-78.0,-100.0,-100.0,-100.0,-100.0,-100.0,-91.0,-100.0,-100.0,-74.16666666666667,-75.83333333333333,-95.0,-89.0,-100.0,-100.0,-100.0,-78.57142857142857
0,LaptopPriority/CurrentPeriodicals,4,-100.0,-100.0,-72.0,-100.0,-100.0,-100.0,-100.0,-100.0,-100.0,-64.85714285714286,-66.75,-93.0,-100.0,-100.0,-100.0,-100.0,-70.125
0,LaptopPriority/CurrentPeriodicals,5,-100.0,-100.0,-100.0,-85.0,-100.0,-100.0,-100.0,-100.0,-100.0,-66.28571428571429,-66.875,-87.0,-100.0,-100.0,-100.0,-100.0,-66.42857142857143
0,MainStairs/TopPicks,1,-100.0,-100.0,-100.0,-88.0,-89.0,-90.0,-100.0,-89.0,-100.0,-67.54545454545455,-72.27272727272727,-100.0,-90.0,-100.0,-100.0,-100.0,-72.0
0,MainStairs/TopPicks,2,-100.0,-100.0,-100.0,-100.0,-100.0,-100.0,-100.0,-100.0,-100.0,-73.8,-74.11111111111111,-100.0,-100.0,-100.0,-100.0,-96.0,-74.81818181818181
0,MainStairs/TopPicks,3,-100.0,-100.0,-100.0,-100.0,-100.0,-100.0,-94.0,-100.0,-100.0,-72.14285714285714,-78.11111111111111,-100.0,-91.0,-100.0,-100.0,-100.0,-80.5
0,MainStairs/TopPicks,4,-100.0,-95.0,-100.0,-74.0,-81.0,-100.0,-97.0,-100.0,-100.0,-69.75,-76.77777777777777,-100.0,-84.0,-100.0,-90.0,-90.0,-75.88888888888889
0,MainStairs/TopPicks,5,-100.0,-100.0,-100.0,-100.0,-89.0,-79.0,-100.0,-88.0,-100.0,-71.0,-79.45454545454545,-100.0,-100.0,-100.0,-100.0,-100.0,-77.66666666666667
0,Stairs/RightEnd,1,-100.0,-100.0,-100.0,-100.0,-81.5,-73.0,-100.0,-79.0,-100.0,-77.63636363636364,-78.81818181818181,-100.0,-100.0,-100.0,-100.0,-100.0,-81.9
0,Stairs/RightEnd,2,-100.0,-100.0,-100.0,-100.0,-82.0,-81.0,-100.0,-84.0,-100.0,-81.72727272727273,-81.6,-100.0,-100.0,-100.0,-100.0,-100.0,-80.55555555555556
0,Stairs/RightEnd,3,-100.0,-100.0,-100.0,-100.0,-83.5,-84.5,-100.0,-85.0,-100.0,-77.83333333333333,-81.36363636363636,-100.0,-100.0,-100.0,-100.0,-100.0,-80.2
0,Stairs/RightEnd,4,-93.0,-93.0,-79.0,-100.0,-78.0,-86.0,-100.0,-86.0,-100.0,-82.0625,-83.15,-100.0,-100.0,-100.0,-88.0,-85.5,-83.72222222222223
0,Stairs/RightEnd,5,-92.0,-100.0,-100.0,-100.0,-100.0,-91.0,-100.0,-100.0,-100.0,-86.25,-88.57142857142857,-100.0,-100.0,-100.0,-100.0,-100.0,-88.14285714285714
0,TopPicks/Audiovisual,1,-100.0,-100.0,-100.0,-100.0,-67.0,-70.5,-100.0,-67.0,-100.0,-72.85714285714286,-73.42857142857143,-100.0,-100.0,-100.0,-100.0,-100.0,-71.42857142857143
0,TopPicks/Audiovisual,2,-100.0,-100.0,-100.0,-100.0,-78.0,-78.0,-100.0,-78.0,-100.0,-74.85714285714286,-74.33333333333333,-100.0,-100.0,-100.0,-100.0,-100.0,-77.625
0,TopPicks/Audiovisual,3,-100.0,-100.0,-100.0,-100.0,-84.0,-84.0,-100.0,-85.0,-100.0,-71.16666666666667,-80.18181818181819,-100.0,-89.0,-100.0,-100.0,-100.0,-81.5
0,TopPicks/Audiovisual,4,-100.0,-100.0,-100.0,-100.0,-84.0,-83.0,-100.0,-84.0,-100.0,-68.88888888888889,-72.0,-100.0,-86.0,-100.0,-100.0,-100.0,-70.71428571428571
0,TopPicks/Audiovisual,5,-100.0,-100.0,-71.0,-89.0,-85.0,-85.0,-91.0,-85.0,-100.0,-66.77777777777777,-68.0909090909091,-100.0,-100.0,-100.0,-96.0,-96.0,-68.9
1,Hallway/LeftEnd,1,-69.0,-100.0,-85.0,-100.0,-61.0,-59.5,-100.0,-60.0,-100.0,-78.75,-83.77777777777777,-100.0,-100.0,-100.0,-100.0,-100.0,-84.72727272727273
1,Hallway/LeftEnd,2,-100.0,-100.0,-100.0,-100.0,-63.0,-70.0,-100.0,-62.0,-100.0,-75.33333333333333,-77.125,-100.0,-100.0,-100.0,-100.0,-100.0,-78.0909090909091
1,Hallway/LeftEnd,3,-100.0,-100.0,-100.0,-95.0,-60.0,-61.0,-100.0,-61.0,-100.0,-76.55555555555556,-76.66666666666667,-100.0,-100.0,-100.0,-100.0,-100.0,-76.1
1,Hallway/LeftEnd,4,-100.0,-100.0,-100.0,-100.0,-75.5,-74.5,-100.0,-75.0,-100.0,-78.0,-76.84615384615384,-100.0,-100.0,-100.0,-98.0,-100.0,-78.0
1,Hallway/LeftEnd,5,-100.0,-100.0,-100.0,-100.0,-62.5,-64.5,-100.0,-65.5,-100.0,-80.38461538461539,-83.15384615384616,-100.0,-100.0,-100.0,-100.0,-100.0,-86.71428571428571
1,LaptopPriority/CurrentPeriodicals,1,-83.0,-89.0,-83.0,-100.0,-100.0,-100.0,-96.0,-100.0,-87.0,-72.88888888888889,-72.36363636363636,-95.0,-100.0,-100.0,-85.0,-85.0,-76.25
1,LaptopPriority/CurrentPeriodicals,2,-85.0,-100.0,-100.0,-100.0,-100.0,-100.0,-100.0,-100.0,-100.0,-72.0,-79.125,-100.0,-100.0,-100.0,-100.0,-100.0,-83.27272727272727
1,LaptopPriority/CurrentPeriodicals,3,-73.0,-100.0,-100.0,-100.0,-100.0,-100.0,-90.0,-100.0,-100.0,-73.07692307692308,-70.91666666666667,-94.0,-89.0,-96.0,-100.0,-100.0,-76.53846153846153
1,LaptopPriority/CurrentPeriodicals,4,-100.0,-89.0,-72.0,-100.0,-100.0,-100.0,-100.0,-100.0,-100.0,-67.42857142857143,-68.0,-93.0,-95.0,-100.0,-71.0,-87.0,-70.11111111111111
1,LaptopPriority/CurrentPeriodicals,5,-100.0,-100.0,-100.0,-85.0,-100.0,-100.0,-100.0,-100.0,-100.0,-69.77777777777777,-69.22222222222223,-87.0,-100.0,-84.0,-88.0,-100.0,-71.0
1,MainStairs/TopPicks,1,-100.0,-100.0,-100.0,-88.0,-90.0,-89.0,-100.0,-89.0,-100.0,-68.72727272727273,-77.3076923076923,-100.0,-93.0,-100.0,-100.0,-100.0,-77.15384615384616
1,MainStairs/TopPicks,2,-84.0,-100.0,-100.0,-100.0,-100.0,-100.0,-100.0,-100.0,-100.0,-74.08333333333333,-74.5,-93.0,-100.0,-100.0,-100.0,-96.0,-78.07692307692308
1,MainStairs/TopPicks,3,-100.0,-100.0,-100.0,-100.0,-86.0,-86.0,-92.0,-86.0,-100.0,-70.72727272727273,-76.84615384615384,-100.0,-94.0,-100.0,-100.0,-100.0,-78.66666666666667
1,MainStairs/TopPicks,4,-100.0,-91.0,-100.0,-77.0,-79.0,-71.0,-87.0,-100.0,-74.0,-73.0,-78.33333333333333,-100.0,-78.0,-100.0,-90.0,-79.0,-78.33333333333333
1,MainStairs/TopPicks,5,-100.0,-100.0,-69.0,-100.0,-91.0,-92.0,-100.0,-91.0,-100.0,-74.22222222222223,-78.76923076923077,-100.0,-100.0,-100.0,-100.0,-100.0,-77.1
1,Stairs/RightEnd,1,-84.0,-100.0,-100.0,-100.0,-86.0,-80.5,-100.0,-82.0,-100.0,-82.26666666666667,-84.07692307692308,-100.0,-100.0,-100.0,-100.0,-100.0,-84.46666666666667
1,Stairs/RightEnd,2,-100.0,-100.0,-100.0,-100.0,-82.5,-76.5,-100.0,-75.5,-100.0,-83.91666666666667,-85.27272727272727,-100.0,-100.0,-100.0,-100.0,-100.0,-84.1
1,Stairs/RightEnd,3,-100.0,-100.0,-100.0,-100.0,-85.5,-88.0,-100.0,-86.0,-100.0,-79.23076923076923,-81.0,-100.0,-100.0,-100.0,-100.0,-100.0,-80.4
1,Stairs/RightEnd,4,-100.0,-88.0,-79.0,-100.0,-100.0,-100.0,-100.0,-100.0,-86.0,-79.5,-82.11111111111111,-100.0,-100.0,-88.0,-72.0,-80.5,-85.25
1,Stairs/RightEnd,5,-92.0,-100.0,-100.0,-100.0,-96.0,-91.0,-100.0,-100.0,-100.0,-86.88888888888889,-90.0,-100.0,-100.0,-100.0,-82.0,-88.0,-88.44444444444444
1,TopPicks/Audiovisual,1,-100.0,-100.0,-100.0,-100.0,-79.0,-73.5,-100.0,-72.5,-100.0,-73.66666666666667,-72.0,-100.0,-100.0,-100.0,-100.0,-100.0,-73.77777777777777
1,TopPicks/Audiovisual,2,-100.0,-100.0,-100.0,-96.0,-81.0,-85.0,-100.0,-85.0,-100.0,-72.7,-70.6,-100.0,-100.0,-94.0,-100.0,-100.0,-76.54545454545455
1,TopPicks/Audiovisual,3,-100.0,-100.0,-100.0,-96.0,-76.5,-73.0,-100.0,-75.5,-100.0,-68.85714285714286,-78.0,-100.0,-89.0,-100.0,-100.0,-100.0,-77.41666666666667
1,TopPicks/Audiovisual,4,-100.0,-100.0,-100.0,-100.0,-87.0,-84.5,-97.0,-86.0,-100.0,-70.22222222222223,-73.6,-100.0,-86.0,-100.0,-80.0,-89.0,-73.25
1,TopPicks/Audiovisual,5,-100.0,-100.0,-71.0,-89.0,-89.0,-81.0,-91.0,-90.0,-100.0,-66.66666666666667,-68.72727272727273,-100.0,-100.0,-100.0,-96.0,-96.0,-69.54545454545455
2,Hallway/LeftEnd,1,-69.0,-100.0,-85.0,-100.0,-66.5,-70.0,-100.0,-66.0,-100.0,-77.0,-83.27272727272727,-100.0,-100.0,-100.0,-100.0,-100.0,-82.45454545454545
2,Hallway/LeftEnd,2,-100.0,-100.0,-100.0,-100.0,-54.0,-54.0,-100.0,-54.5,-100.0,-77.83333333333333,-76.5,-100.0,-100.0,-100.0,-100.0,-100.0,-77.36363636363636
2,Hallway/LeftEnd,3,-100.0,-100.0,-100.0,-95.0,-64.0,-64.5,-100.0,-64.0,-100.0,-81.81818181818181,-81.28571428571429,-100.0,-100.0,-100.0,-100.0,-100.0,-81.36363636363636
2,Hallway/LeftEnd,4,-100.0,-100.0,-87.0,-100.0,-79.0,-79.5,-100.0,-79.0,-100.0,-80.07142857142857,-80.8125,-100.0,-100.0,-100.0,-98.0,-100.0,-81.0
2,Hallway/LeftEnd,5,-100.0,-100.0,-100.0,-100.0,-62.5,-64.5,-100.0,-65.5,-100.0,-82.86666666666666,-87.57142857142857,-100.0,-100.0,-100.0,-100.0,-100.0,-88.92857142857143
2,LaptopPriority/CurrentPeriodicals,1,-83.0,-89.0,-83.0,-90.0,-100.0,-100.0,-96.0,-100.0,-87.0,-77.42857142857143,-73.85714285714286,-95.0,-100.0,-100.0,-95.0,-96.0,-78.23076923076923
2,LaptopPriority/CurrentPeriodicals,2,-85.0,-100.0,-100.0,-92.0,-100.0,-100.0,-100.0,-100.0,-100.0,-77.83333333333333,-79.81818181818181,-90.0,-100.0,-92.0,-100.0,-100.0,-84.13333333333334
2,LaptopPriority/CurrentPeriodicals,3,-73.0,-94.0,-100.0,-100.0,-100.0,-100.0,-84.0,-100.0,-100.0,-75.07142857142857,-75.73333333333333,-92.0,-88.0,-96.0,-100.0,-100.0,-78.25
2,LaptopPriority/CurrentPeriodicals,4,-100.0,-93.0,-72.0,-100.0,-100.0,-100.0,-100.0,-100.0,-100.0,-71.3,-72.72727272727273,-88.0,-95.0,-100.0,-87.0,-86.0,-73.18181818181819
2,LaptopPriority/CurrentPeriodicals,5,-100.0,-100.0,-100.0,-91.0,-100.0,-100.0,-100.0,-100.0,-100.0,-69.4,-71.0,-83.0,-100.0,-86.0,-88.0,-100.0,-70.2
2,MainStairs/TopPicks,1,-100.0,-100.0,-100.0,-88.0,-87.0,-89.0,-100.0,-89.0,-100.0,-70.45454545454545,-78.3125,-100.0,-88.0,-94.0,-100.0,-100.0,-77.875
2,MainStairs/TopPicks,2,-84.0,-100.0,-100.0,-100.0,-90.0,-90.0,-100.0,-89.0,-100.0,-77.26666666666667,-78.1875,-93.0,-100.0,-100.0,-100.0,-96.0,-81.23529411764706
2,MainStairs/TopPicks,3,-100.0,-100.0,-100.0,-100.0,-83.0,-84.0,-92.0,-83.0,-100.0,-72.75,-76.07142857142857,-100.0,-91.0,-100.0,-100.0,-100.0,-79.38461538461539
2,MainStairs/TopPicks,4,-100.0,-91.0,-69.0,-77.0,-82.5,-79.5,-99.0,-88.0,-74.0,-72.5,-78.2,-100.0,-90.0,-100.0,-90.0,-79.0,-77.06666666666666
2,MainStairs/TopPicks,5,-100.0,-100.0,-71.0,-100.0,-82.0,-87.0,-92.0,-85.0,-100.0,-72.66666666666667,-80.53846153846153,-100.0,-100.0,-100.0,-93.0,-91.0,-79.75
2,Stairs/RightEnd,1,-84.0,-100.0,-100.0,-100.0,-91.0,-84.5,-100.0,-84.0,-100.0,-84.25,-87.2,-88.0,-100.0,-100.0,-100.0,-100.0,-87.88235294117646
2,Stairs/RightEnd,2,-100.0,-100.0,-100.0,-100.0,-84.5,-72.0,-100.0,-75.5,-100.0,-85.9,-88.8,-97.0,-100.0,-97.0,-100.0,-100.0,-88.375
2,Stairs/RightEnd,3,-100.0,-100.0,-100.0,-100.0,-85.5,-93.5,-100.0,-92.5,-100.0,-88.66666666666667,-89.76923076923077,-100.0,-100.0,-100.0,-100.0,-100.0,-91.45454545454545
2,Stairs/RightEnd,4,-100.0,-95.0,-79.0,-100.0,-100.0,-100.0,-100.0,-100.0,-86.0,-80.33333333333333,-83.77777777777777,-100.0,-100.0,-88.0,-83.5,-83.5,-86.16666666666667
2,Stairs/RightEnd,5,-92.0,-97.0,-100.0,-100.0,-96.0,-91.0,-100.0,-100.0,-100.0,-86.1,-89.71428571428571,-100.0,-100.0,-100.0,-88.0,-88.0,-90.8
2,TopPicks/Audiovisual,1,-100.0,-100.0,-100.0,-94.0,-81.5,-76.5,-100.0,-72.5,-100.0,-73.64285714285714,-72.0,-100.0,-100.0,-100.0,-100.0,-100.0,-74.38461538461539
2,TopPicks/Audiovisual,2,-100.0,-100.0,-100.0,-96.0,-78.0,-81.0,-100.0,-80.0,-100.0,-76.0909090909091,-74.45454545454545,-100.0,-100.0,-94.0,-100.0,-100.0,-75.16666666666667
2,TopPicks/Audiovisual,3,-100.0,-100.0,-100.0,-96.0,-77.5,-78.5,-100.0,-78.5,-100.0,-67.71428571428571,-79.28571428571429,-100.0,-89.0,-100.0,-100.0,-100.0,-78.58333333333333
2,TopPicks/Audiovisual,4,-100.0,-100.0,-100.0,-100.0,-86.0,-85.0,-97.0,-87.0,-100.0,-69.18181818181819,-70.0909090909091,-100.0,-86.0,-100.0,-92.0,-92.0,-71.18181818181819
2,TopPicks/Audiovisual,5,-100.0,-100.0,-71.0,-89.0,-89.0,-81.0,-91.0,-90.0,-100.0,-67.9,-71.33333333333333,-100.0,-100.0,-100.0,-100.0,-100.0,-72.25
3,Hallway/LeftEnd,1,-69.0,-100.0,-85.0,-100.0,-73.0,-74.5,-100.0,-74.5,-100.0,-76.6,-83.46153846153847,-100.0,-100.0,-100.0,-100.0,-100.0,-82.0
3,Hallway/LeftEnd,2,-100.0,-100.0,-100.0,-100.0,-63.0,-73.0,-100.0,-68.0,-100.0,-79.25,-78.6,-100.0,-100.0,-100.0,-100.0,-100.0,-77.91666666666667
3,Hallway/LeftEnd,3,-100.0,-100.0,-100.0,-95.0,-78.5,-78.5,-100.0,-79.5,-100.0,-80.38461538461539,-81.92857142857143,-100.0,-100.0,-100.0,-100.0,-100.0,-81.33333333333333
3,Hallway/LeftEnd,4,-100.0,-100.0,-87.0,-100.0,-88.0,-89.0,-100.0,-87.0,-100.0,-81.55882352941177,-83.0,-100.0,-100.0,-100.0,-98.0,-100.0,-85.26315789473684
3,Hallway/LeftEnd,5,-100.0,-100.0,-100.0,-100.0,-76.0,-73.5,-100.0,-89.5,-100.0,-84.93333333333334,-88.64285714285714,-100.0,-100.0,-100.0,-100.0,-100.0,-89.875
3,LaptopPriority/CurrentPeriodicals,1,-83.0,-89.0,-83.0,-94.0,-100.0,-100.0,-89.0,-100.0,-87.0,-76.06666666666666,-74.8125,-95.0,-100.0,-100.0,-95.0,-96.0,-79.25
3,LaptopPriority/CurrentPeriodicals,2,-85.0,-100.0,-100.0,-92.0,-100.0,-100.0,-100.0,-100.0,-100.0,-75.23076923076923,-77.3076923076923,-90.0,-100.0,-92.0,-100.0,-100.0,-83.73684210526316
3,LaptopPriority/CurrentPeriodicals,3,-73.0,-95.0,-100.0,-100.0,-100.0,-100.0,-84.0,-100.0,-100.0,-74.46666666666667,-74.13333333333334,-92.0,-88.0,-96.0,-89.0,-100.0,-76.5625
3,LaptopPriority/CurrentPeriodicals,4,-100.0,-87.0,-72.0,-100.0,-100.0,-100.0,-100.0,-100.0,-100.0,-72.66666666666667,-73.91666666666667,-93.0,-95.0,-100.0,-90.0,-88.0,-74.41666666666667
3,LaptopPriority/CurrentPeriodicals,5,-100.0,-100.0,-100.0,-91.0,-100.0,-100.0,-100.0,-100.0,-100.0,-72.9090909090909,-74.3076923076923,-89.0,-100.0,-88.0,-93.0,-93.0,-71.9090909090909
3,MainStairs/TopPicks,1,-100.0,-91.0,-100.0,-80.0,-72.0,-84.0,-96.0,-84.0,-100.0,-76.64285714285714,-81.3157894736842,-100.0,-88.0,-94.0,-100.0,-100.0,-79.41176470588235
3,MainStairs/TopPicks,2,-84.0,-100.0,-100.0,-100.0,-87.0,-87.0,-95.0,-87.0,-100.0,-80.5,-82.6842105263158,-93.0,-95.0,-100.0,-97.0,-95.0,-84.42857142857143
3,MainStairs/TopPicks,3,-100.0,-100.0,-100.0,-97.0,-83.0,-84.0,-92.0,-91.0,-100.0,-73.61538461538461,-77.3125,-100.0,-91.0,-100.0,-100.0,-100.0,-80.0625
3,MainStairs/TopPicks,4,-100.0,-91.0,-69.0,-82.0,-79.0,-73.0,-97.0,-82.0,-74.0,-73.0,-78.4375,-100.0,-89.0,-100.0,-91.0,-91.0,-77.1875
3,MainStairs/TopPicks,5,-100.0,-100.0,-71.0,-100.0,-82.0,-86.0,-92.0,-86.0,-100.0,-70.88888888888889,-77.14285714285714,-100.0,-100.0,-100.0,-93.0,-93.0,-76.5
3,Stairs/RightEnd,1,-84.0,-100.0,-100.0,-100.0,-91.0,-84.5,-100.0,-87.5,-100.0,-84.625,-86.66666666666667,-88.0,-100.0,-100.0,-100.0,-100.0,-87.55555555555556
3,Stairs/RightEnd,2,-100.0,-100.0,-100.0,-100.0,-84.5,-72.0,-100.0,-75.5,-100.0,-86.8,-86.4,-97.0,-89.0,-91.0,-100.0,-100.0,-87.77777777777777
3,Stairs/RightEnd,3,-100.0,-100.0,-100.0,-100.0,-85.5,-93.5,-100.0,-92.5,-100.0,-89.21428571428571,-90.53333333333333,-100.0,-100.0,-100.0,-96.0,-96.0,-90.91666666666667
3,Stairs/RightEnd,4,-100.0,-89.5,-79.0,-100.0,-100.0,-100.0,-100.0,-100.0,-86.0,-81.9,-83.33333333333333,-100.0,-100.0,-88.0,-88.0,-89.5,-86.6
3,Stairs/RightEnd,5,-92.0,-97.0,-100.0,-100.0,-96.0,-91.0,-100.0,-100.0,-100.0,-86.4,-89.85714285714286,-100.0,-100.0,-100.0,-93.0,-94.0,-90.13333333333334
3,TopPicks/Audiovisual,1,-100.0,-100.0,-100.0,-94.0,-83.5,-76.5,-100.0,-83.5,-100.0,-78.88888888888889,-76.06666666666666,-100.0,-100.0,-100.0,-100.0,-100.0,-78.5625
3,TopPicks/Audiovisual,2,-100.0,-100.0,-100.0,-96.0,-79.5,-71.0,-100.0,-83.0,-100.0,-74.45454545454545,-73.0,-100.0,-100.0,-94.0,-100.0,-100.0,-74.58333333333333
3,TopPicks/Audiovisual,3,-100.0,-100.0,-100.0,-96.0,-76.5,-78.0,-100.0,-78.5,-100.0,-70.77777777777777,-77.53333333333333,-100.0,-89.0,-100.0,-100.0,-100.0,-76.76923076923077
3,TopPicks/Audiovisual,4,-100.0,-100.0,-100.0,-100.0,-82.0,-84.5,-97.0,-85.0,-100.0,-69.83333333333333,-74.15384615384616,-100.0,-86.0,-100.0,-86.0,-86.0,-69.5
3,TopPicks/Audiovisual,5,-100.0,-100.0,-100.0,-100.0,-89.0,-90.0,-94.0,-90.0,-100.0,-74.25,-70.5,-100.0,-100.0,-100.0,-100.0,-100.0,-77.07692307692308
4,Hallway/LeftEnd,1,-69.0,-100.0,-85.0,-100.0,-80.5,-80.0,-100.0,-81.0,-100.0,-81.66666666666667,-85.42857142857143,-100.0,-100.0,-100.0,-100.0,-100.0,-85.33333333333333
4,Hallway/LeftEnd,2,-100.0,-100.0,-100.0,-100.0,-68.0,-77.5,-100.0,-73.0,-100.0,-77.86666666666666,-77.9375,-100.0,-100.0,-100.0,-100.0,-100.0,-77.5625
4,Hallway/LeftEnd,3,-100.0,-100.0,-100.0,-95.0,-72.5,-80.0,-100.0,-73.0,-100.0,-79.76923076923077,-82.8,-100.0,-100.0,-100.0,-100.0,-100.0,-82.92307692307692
4,Hallway/LeftEnd,4,-100.0,-100.0,-87.0,-100.0,-88.0,-89.0,-100.0,-87.0,-100.0,-81.58823529411765,-83.0,-100.0,-100.0,-100.0,-98.0,-100.0,-85.26315789473684
4,Hallway/LeftEnd,5,-100.0,-100.0,-100.0,-100.0,-92.0,-83.0,-100.0,-89.5,-100.0,-90.0,-90.18181818181819,-100.0,-100.0,-100.0,-100.0,-100.0,-91.92857142857143
4,LaptopPriority/CurrentPeriodicals,1,-83.0,-89.0,-83.0,-99.0,-100.0,-100.0,-89.0,-100.0,-87.0,-74.46666666666667,-74.8125,-92.0,-100.0,-100.0,-95.0,-96.0,-80.52631578947368
4,LaptopPriority/CurrentPeriodicals,2,-85.0,-100.0,-100.0,-92.0,-100.0,-100.0,-100.0,-100.0,-100.0,-75.28571428571429,-77.53333333333333,-90.0,-100.0,-92.0,-100.0,-100.0,-83.4
4,LaptopPriority/CurrentPeriodicals,3,-73.0,-95.0,-100.0,-87.0,-100.0,-100.0,-85.0,-100.0,-100.0,-75.06666666666666,-74.33333333333333,-92.0,-90.0,-96.0,-89.0,-100.0,-76.3125
4,LaptopPriority/CurrentPeriodicals,4,-100.0,-92.0,-72.0,-79.0,-100.0,-100.0,-100.0,-100.0,-100.0,-73.6923076923077,-74.07692307692308,-88.0,-93.0,-100.0,-90.0,-94.0,-75.5
4,LaptopPriority/CurrentPeriodicals,5,-100.0,-92.0,-100.0,-93.0,-100.0,-100.0,-100.0,-100.0,-100.0,-70.41666666666667,-74.5,-87.0,-100.0,-80.0,-90.0,-92.0,-70.75
4,MainStairs/TopPicks,1,-100.0,-91.0,-74.0,-80.0,-89.0,-88.0,-92.0,-88.5,-100.0,-74.85714285714286,-80.15789473684211,-100.0,-88.0,-94.0,-100.0,-100.0,-80.0
4,MainStairs/TopPicks,2,-84.0,-100.0,-100.0,-100.0,-68.0,-72.0,-95.0,-68.0,-100.0,-81.9090909090909,-83.65217391304348,-93.0,-95.0,-100.0,-97.0,-95.0,-85.92857142857143
4,MainStairs/TopPicks,3,-100.0,-100.0,-100.0,-97.0,-94.0,-94.0,-92.0,-93.0,-100.0,-74.64285714285714,-78.29411764705883,-100.0,-91.0,-100.0,-100.0,-100.0,-80.52941176470588
4,MainStairs/TopPicks,4,-100.0,-94.0,-77.0,-82.0,-80.0,-83.5,-97.0,-83.0,-74.0,-74.23076923076923,-78.6875,-100.0,-93.0,-100.0,-91.0,-91.0,-78.6875
4,MainStairs/TopPicks,5,-100.0,-100.0,-77.0,-100.0,-81.5,-86.0,-94.0,-83.0,-100.0,-73.7,-77.57142857142857,-100.0,-100.0,-100.0,-93.0,-93.0,-76.5
4,Stairs/RightEnd,1,-84.0,-100.0,-100.0,-100.0,-91.0,-84.5,-100.0,-87.5,-100.0,-83.875,-85.5625,-89.0,-100.0,-100.0,-100.0,-100.0,-85.88888888888889
4,Stairs/RightEnd,2,-100.0,-100.0,-100.0,-100.0,-84.5,-72.0,-100.0,-75.5,-100.0,-85.84615384615384,-88.14285714285714,-97.0,-88.0,-91.0,-89.0,-89.0,-87.42857142857143
4,Stairs/RightEnd,3,-92.0,-97.0,-100.0,-100.0,-85.5,-93.5,-100.0,-92.5,-100.0,-90.0,-91.25,-100.0,-100.0,-96.0,-84.0,-89.5,-91.14285714285714
4,Stairs/RightEnd,4,-100.0,-88.0,-100.0,-100.0,-100.0,-100.0,-100.0,-100.0,-100.0,-81.25,-84.0,-95.0,-100.0,-95.0,-81.5,-80.5,-87.64285714285714
4,Stairs/RightEnd,5,-92.0,-97.0,-100.0,-100.0,-96.0,-91.0,-100.0,-100.0,-100.0,-85.55555555555556,-89.5,-100.0,-100.0,-100.0,-93.0,-94.0,-90.2
4,TopPicks/Audiovisual,1,-100.0,-100.0,-100.0,-94.0,-86.5,-79.0,-100.0,-85.5,-100.0,-79.36842105263158,-78.8125,-100.0,-100.0,-100.0,-100.0,-100.0,-79.33333333333333
4,TopPicks/Audiovisual,2,-100.0,-100.0,-100.0,-96.0,-81.5,-79.0,-100.0,-87.0,-100.0,-77.08333333333333,-74.5,-100.0,-100.0,-94.0,-100.0,-100.0,-76.92307692307692
4,TopPicks/Audiovisual,3,-100.0,-100.0,-100.0,-95.0,-77.0,-77.0,-100.0,-78.0,-100.0,-69.44444444444444,-79.26666666666667,-100.0,-89.0,-100.0,-100.0,-100.0,-79.21428571428571
4,TopPicks/Audiovisual,4,-100.0,-100.0,-100.0,-100.0,-82.0,-84.0,-97.0,-88.0,-100.0,-68.91666666666667,-73.46666666666667,-100.0,-86.0,-100.0,-84.0,-84.0,-72.71428571428571
4,TopPicks/Audiovisual,5,-100.0,-100.0,-100.0,-100.0,-81.0,-81.0,-94.0,-80.0,-100.0,-73.41666666666667,-73.25,-100.0,-100.0,-100.0,-100.0,-100.0,-77.23076923076923
5,Hallway/LeftEnd,1,-69.0,-100.0,-85.0,-100.0,-85.5,-86.0,-100.0,-80.0,-100.0,-81.36363636363636,-86.53333333333333,-100.0,-100.0,-100.0,-90.0,-89.0,-85.6875
5,Hallway/LeftEnd,2,-100.0,-100.0,-100.0,-100.0,-86.0,-82.0,-100.0,-85.5,-100.0,-81.14285714285714,-80.93333333333334,-100.0,-100.0,-100.0,-100.0,-100.0,-80.5
5,Hallway/LeftEnd,3,-100.0,-100.0,-100.0,-100.0,-78.5,-79.5,-100.0,-78.5,-100.0,-80.86666666666666,-80.75,-95.0,-94.0,-100.0,-100.0,-100.0,-81.23076923076923
5,Hallway/LeftEnd,4,-100.0,-100.0,-87.0,-100.0,-86.0,-85.5,-100.0,-85.5,-100.0,-81.88235294117646,-81.95,-100.0,-100.0,-100.0,-98.0,-100.0,-84.05263157894737
5,Hallway/LeftEnd,5,-91.0,-100.0,-92.0,-100.0,-92.0,-83.0,-100.0,-89.5,-100.0,-88.54545454545455,-90.54545454545455,-100.0,-100.0,-100.0,-100.0,-100.0,-91.5
5,LaptopPriority/CurrentPeriodicals,1,-83.0,-100.0,-83.0,-99.0,-100.0,-100.0,-89.0,-100.0,-87.0,-76.29411764705883,-75.3529411764706,-93.0,-100.0,-100.0,-95.0,-96.0,-80.95238095238095
5,LaptopPriority/CurrentPeriodicals,2,-100.0,-95.0,-100.0,-92.0,-100.0,-100.0,-100.0,-100.0,-100.0,-75.06666666666666,-74.57142857142857,-90.0,-100.0,-89.0,-100.0,-100.0,-80.94736842105263
5,LaptopPriority/CurrentPeriodicals,3,-73.0,-96.0,-100.0,-91.0,-100.0,-100.0,-90.0,-100.0,-100.0,-73.0,-73.625,-92.0,-90.0,-96.0,-89.0,-100.0,-74.93333333333334
5,LaptopPriority/CurrentPeriodicals,4,-100.0,-81.0,-100.0,-80.0,-100.0,-100.0,-100.0,-100.0,-100.0,-72.64285714285714,-72.53846153846153,-89.0,-93.0,-100.0,-90.0,-94.0,-74.0
5,LaptopPriority/CurrentPeriodicals,5,-100.0,-92.0,-100.0,-93.0,-100.0,-100.0,-100.0,-100.0,-100.0,-71.07692307692308,-76.42857142857143,-85.5,-100.0,-80.0,-90.0,-92.0,-72.78571428571429
5,MainStairs/TopPicks,1,-100.0,-91.0,-74.0,-82.0,-81.5,-86.5,-92.0,-87.0,-100.0,-74.5,-78.23529411764706,-100.0,-88.0,-94.0,-100.0,-100.0,-79.72222222222223
5,MainStairs/TopPicks,2,-84.0,-100.0,-100.0,-88.0,-68.5,-74.5,-95.0,-73.0,-100.0,-82.0909090909091,-83.04347826086956,-93.0,-95.0,-100.0,-97.0,-95.0,-85.85714285714286
5,MainStairs/TopPicks,3,-100.0,-100.0,-100.0,-97.0,-95.0,-95.0,-92.0,-94.0,-100.0,-74.85714285714286,-78.94117647058823,-94.0,-91.0,-100.0,-100.0,-100.0,-80.5
5,MainStairs/TopPicks,4,-100.0,-94.0,-77.0,-82.0,-78.5,-82.5,-97.0,-82.0,-74.0,-73.33333333333333,-77.28571428571429,-100.0,-93.0,-100.0,-92.0,-91.0,-76.57142857142857
5,MainStairs/TopPicks,5,-100.0,-100.0,-77.0,-83.0,-80.0,-84.0,-94.0,-81.0,-100.0,-73.4,-76.83333333333333,-100.0,-100.0,-100.0,-93.0,-93.0,-75.58333333333333
5,Stairs/RightEnd,1,-88.0,-100.0,-100.0,-100.0,-91.0,-88.5,-100.0,-87.5,-100.0,-84.93333333333334,-87.125,-89.0,-100.0,-100.0,-100.0,-100.0,-87.94444444444444
5,Stairs/RightEnd,2,-100.0,-100.0,-100.0,-100.0,-84.5,-72.0,-100.0,-75.5,-100.0,-87.0,-90.41666666666667,-97.0,-88.0,-91.0,-89.0,-89.0,-89.38461538461539
5,Stairs/RightEnd,3,-92.0,-97.0,-100.0,-100.0,-85.5,-93.5,-100.0,-92.5,-100.0,-88.53846153846153,-91.27777777777777,-100.0,-100.0,-96.0,-91.0,-89.0,-90.52941176470588
5,Stairs/RightEnd,4,-100.0,-88.5,-100.0,-100.0,-100.0,-100.0,-100.0,-100.0,-100.0,-86.63636363636364,-87.3,-90.0,-100.0,-95.0,-81.5,-80.5,-87.92857142857143
5,Stairs/RightEnd,5,-100.0,-97.0,-100.0,-100.0,-96.0,-100.0,-100.0,-100.0,-100.0,-84.0,-89.58333333333333,-100.0,-100.0,-100.0,-79.0,-79.0,-90.25
5,TopPicks/Audiovisual,1,-100.0,-100.0,-100.0,-94.0,-81.5,-75.0,-100.0,-81.5,-100.0,-77.94736842105263,-77.5,-100.0,-100.0,-100.0,-100.0,-100.0,-80.22222222222223
5,TopPicks/Audiovisual,2,-100.0,-100.0,-100.0,-96.0,-81.5,-79.0,-100.0,-87.0,-100.0,-75.0,-76.78571428571429,-100.0,-100.0,-94.0,-100.0,-100.0,-75.23076923076923
5,TopPicks/Audiovisual,3,-100.0,-100.0,-100.0,-95.0,-79.0,-79.5,-100.0,-80.0,-100.0,-71.0,-74.83333333333333,-100.0,-100.0,-100.0,-100.0,-100.0,-73.9090909090909
5,TopPicks/Audiovisual,4,-100.0,-100.0,-100.0,-100.0,-86.0,-84.5,-97.0,-85.5,-100.0,-68.45454545454545,-74.35714285714286,-100.0,-94.0,-100.0,-86.0,-86.0,-73.53846153846153
5,TopPicks/Audiovisual,5,-100.0,-100.0,-100.0,-100.0,-87.0,-87.0,-95.0,-87.0,-100.0,-72.9,-75.38461538461539,-100.0,-100.0,-100.0,-100.0,-100.0,-75.25
6,Hallway/LeftEnd,1,-69.0,-91.0,-100.0,-100.0,-88.5,-87.5,-92.0,-86.5,-100.0,-83.27272727272727,-86.53333333333333,-93.0,-87.0,-89.0,-72.0,-85.0,-85.07142857142857
6,Hallway/LeftEnd,2,-100.0,-100.0,-100.0,-100.0,-88.0,-92.0,-100.0,-91.5,-100.0,-84.125,-83.42857142857143,-100.0,-100.0,-100.0,-100.0,-100.0,-85.53333333333333
6,Hallway/LeftEnd,3,-100.0,-100.0,-100.0,-100.0,-80.0,-80.0,-100.0,-78.5,-100.0,-80.23076923076923,-81.0,-95.0,-94.0,-100.0,-100.0,-100.0,-80.33333333333333
6,Hallway/LeftEnd,4,-100.0,-100.0,-87.0,-100.0,-86.0,-85.5,-100.0,-85.5,-100.0,-83.5,-85.38888888888889,-100.0,-100.0,-100.0,-100.0,-100.0,-87.47619047619048
6,Hallway/LeftEnd,5,-94.0,-100.0,-92.0,-100.0,-92.0,-83.0,-100.0,-89.5,-100.0,-89.44444444444444,-89.66666666666667,-100.0,-100.0,-100.0,-100.0,-100.0,-89.55555555555556
6,LaptopPriority/CurrentPeriodicals,1,-100.0,-100.0,-100.0,-99.0,-100.0,-100.0,-96.0,-100.0,-100.0,-79.16666666666667,-79.05555555555556,-89.0,-100.0,-96.0,-95.0,-96.0,-82.64
6,LaptopPriority/CurrentPeriodicals,2,-100.0,-95.0,-100.0,-88.0,-100.0,-100.0,-92.0,-100.0,-100.0,-74.21428571428571,-74.0,-90.0,-91.0,-89.0,-100.0,-100.0,-80.0625
6,LaptopPriority/CurrentPeriodicals,3,-100.0,-96.0,-100.0,-91.0,-100.0,-100.0,-91.0,-100.0,-100.0,-75.47058823529412,-74.6,-92.0,-91.0,-100.0,-88.0,-88.0,-75.5625
6,LaptopPriority/CurrentPeriodicals,4,-100.0,-88.0,-100.0,-80.0,-100.0,-100.0,-100.0,-100.0,-100.0,-73.0,-75.84615384615384,-85.0,-93.0,-100.0,-94.0,-94.0,-79.53333333333333
6,LaptopPriority/CurrentPeriodicals,5,-100.0,-91.0,-100.0,-91.0,-100.0,-100.0,-100.0,-100.0,-100.0,-74.60714285714286,-77.73333333333333,-86.0,-100.0,-80.0,-72.0,-77.0,-76.5625
6,MainStairs/TopPicks,1,-100.0,-91.0,-74.0,-82.0,-72.0,-85.0,-96.0,-79.0,-100.0,-73.57142857142857,-76.4375,-100.0,-88.0,-94.0,-100.0,-100.0,-77.625
6,MainStairs/TopPicks,2,-100.0,-100.0,-100.0,-88.0,-65.5,-63.5,-95.0,-64.0,-100.0,-82.25,-84.17391304347827,-100.0,-95.0,-100.0,-97.0,-95.0,-86.89285714285714
6,MainStairs/TopPicks,3,-100.0,-100.0,-100.0,-97.0,-89.0,-88.0,-100.0,-88.0,-100.0,-74.5,-78.25,-94.0,-91.0,-100.0,-100.0,-100.0,-81.8125
6,MainStairs/TopPicks,4,-100.0,-94.0,-77.0,-82.0,-81.5,-82.0,-97.0,-81.5,-100.0,-71.63636363636364,-77.93333333333334,-100.0,-93.0,-100.0,-91.0,-91.0,-76.57142857142857
6,MainStairs/TopPicks,5,-100.0,-100.0,-77.0,-83.0,-81.0,-84.0,-94.0,-81.5,-100.0,-70.0,-74.0,-100.0,-100.0,-100.0,-91.0,-90.0,-74.83333333333333
6,Stairs/RightEnd,1,-88.0,-100.0,-100.0,-100.0,-91.0,-89.5,-100.0,-89.0,-100.0,-86.14285714285714,-88.33333333333333,-89.0,-100.0,-100.0,-100.0,-100.0,-88.27777777777777
6,Stairs/RightEnd,2,-100.0,-100.0,-100.0,-100.0,-98.0,-100.0,-100.0,-100.0,-100.0,-87.11111111111111,-91.83333333333333,-97.0,-88.0,-91.0,-89.0,-89.0,-91.46153846153847
6,Stairs/RightEnd,3,-92.0,-97.0,-100.0,-100.0,-100.0,-94.0,-100.0,-93.0,-100.0,-86.25,-89.92307692307692,-83.5,-100.0,-96.0,-89.0,-87.0,-89.75
6,Stairs/RightEnd,4,-100.0,-83.0,-100.0,-100.0,-100.0,-100.0,-100.0,-100.0,-100.0,-85.7,-87.72727272727273,-90.0,-100.0,-95.0,-76.0,-78.0,-88.46666666666667
6,Stairs/RightEnd,5,-100.0,-85.0,-100.0,-100.0,-100.0,-100.0,-100.0,-100.0,-100.0,-84.83333333333333,-88.9,-95.0,-100.0,-90.0,-91.0,-89.0,-89.7
6,TopPicks/Audiovisual,1,-100.0,-100.0,-100.0,-94.0,-81.5,-80.0,-100.0,-81.5,-100.0,-79.45,-80.94444444444444,-100.0,-100.0,-100.0,-100.0,-100.0,-82.55
6,TopPicks/Audiovisual,2,-100.0,-100.0,-100.0,-100.0,-86.0,-79.0,-100.0,-87.0,-100.0,-74.46153846153847,-74.3076923076923,-100.0,-100.0,-100.0,-100.0,-100.0,-74.5
6,TopPicks/Audiovisual,3,-100.0,-100.0,-100.0,-95.0,-86.0,-86.0,-100.0,-86.0,-100.0,-74.63636363636364,-76.41666666666667,-100.0,-100.0,-100.0,-100.0,-100.0,-79.92307692307692
6,TopPicks/Audiovisual,4,-100.0,-100.0,-100.0,-94.0,-83.5,-83.0,-100.0,-81.5,-100.0,-68.0,-73.64285714285714,-100.0,-94.0,-100.0,-89.0,-90.0,-74.61538461538461
6,TopPicks/Audiovisual,5,-100.0,-100.0,-100.0,-94.0,-87.0,-87.0,-95.0,-86.0,-100.0,-72.36363636363636,-75.0,-100.0,-100.0,-100.0,-100.0,-100.0,-73.0909090909091
7,Hallway/LeftEnd,1,-100.0,-91.0,-100.0,-100.0,-82.0,-82.5,-92.0,-82.5,-100.0,-82.4,-84.2,-93.0,-84.5,-89.0,-83.0,-92.0,-85.25
7,Hallway/LeftEnd,2,-100.0,-100.0,-100.0,-100.0,-88.0,-93.5,-100.0,-91.5,-100.0,-87.85714285714286,-88.27272727272727,-100.0,-100.0,-100.0,-100.0,-100.0,-90.84615384615384
7,Hallway/LeftEnd,3,-96.0,-100.0,-100.0,-100.0,-78.5,-78.5,-100.0,-80.5,-100.0,-77.2,-78.63636363636364,-95.0,-94.0,-100.0,-100.0,-100.0,-78.8
7,Hallway/LeftEnd,4,-100.0,-100.0,-87.0,-100.0,-92.0,-91.0,-100.0,-91.5,-100.0,-82.66666666666667,-84.78947368421052,-100.0,-100.0,-100.0,-100.0,-100.0,-87.9
7,Hallway/LeftEnd,5,-94.0,-100.0,-92.0,-100.0,-86.0,-86.0,-100.0,-87.0,-100.0,-83.27272727272727,-83.88888888888889,-100.0,-100.0,-100.0,-100.0,-100.0,-84.36363636363636
7,LaptopPriority/CurrentPeriodicals,1,-63.0,-100.0,-100.0,-94.0,-100.0,-100.0,-96.0,-100.0,-100.0,-77.94117647058823,-80.35,-95.0,-100.0,-96.0,-100.0,-100.0,-82.57692307692308
7,LaptopPriority/CurrentPeriodicals,2,-100.0,-95.0,-100.0,-78.0,-100.0,-100.0,-90.0,-100.0,-100.0,-73.64285714285714,-73.61538461538461,-100.0,-91.0,-89.0,-100.0,-100.0,-79.1875
7,LaptopPriority/CurrentPeriodicals,3,-100.0,-96.0,-100.0,-85.0,-100.0,-100.0,-91.0,-100.0,-100.0,-74.66666666666667,-73.73333333333333,-100.0,-91.0,-100.0,-88.0,-88.0,-76.6470588235294
7,LaptopPriority/CurrentPeriodicals,4,-100.0,-91.0,-100.0,-80.0,-100.0,-100.0,-100.0,-100.0,-100.0,-75.88235294117646,-78.94117647058823,-82.0,-93.0,-100.0,-90.0,-89.0,-79.375
7,LaptopPriority/CurrentPeriodicals,5,-100.0,-91.0,-100.0,-88.0,-96.0,-100.0,-100.0,-100.0,-100.0,-72.3076923076923,-71.5,-85.0,-100.0,-80.0,-81.0,-86.0,-73.86666666666666
7,MainStairs/TopPicks,1,-100.0,-91.0,-74.0,-82.0,-75.0,-83.0,-96.0,-76.0,-100.0,-75.06666666666666,-78.33333333333333,-100.0,-100.0,-100.0,-100.0,-100.0,-79.41176470588235
7,MainStairs/TopPicks,2,-100.0,-100.0,-100.0,-88.0,-75.5,-80.0,-95.0,-77.0,-100.0,-81.57894736842105,-82.82608695652173,-100.0,-95.0,-100.0,-97.0,-95.0,-85.62962962962963
7,MainStairs/TopPicks,3,-100.0,-100.0,-100.0,-97.0,-84.0,-77.0,-90.0,-84.0,-100.0,-75.07142857142857,-79.55555555555556,-94.0,-82.0,-100.0,-100.0,-100.0,-78.33333333333333
7,MainStairs/TopPicks,4,-100.0,-94.0,-77.0,-97.0,-79.0,-79.5,-97.0,-77.5,-100.0,-73.53846153846153,-76.21428571428571,-100.0,-93.0,-100.0,-91.0,-92.0,-74.15384615384616
7,MainStairs/TopPicks,5,-100.0,-100.0,-77.0,-83.0,-77.0,-84.0,-94.0,-77.0,-100.0,-70.88888888888889,-67.66666666666667,-100.0,-100.0,-100.0,-93.0,-90.0,-72.3
7,Stairs/RightEnd,1,-88.0,-100.0,-100.0,-100.0,-90.0,-88.0,-100.0,-88.0,-100.0,-84.45454545454545,-89.28571428571429,-89.0,-100.0,-100.0,-100.0,-100.0,-87.0625
7,Stairs/RightEnd,2,-100.0,-100.0,-100.0,-100.0,-98.0,-100.0,-100.0,-95.0,-100.0,-86.88888888888889,-90.28571428571429,-100.0,-88.0,-91.0,-89.0,-89.0,-90.78571428571429
7,Stairs/RightEnd,3,-92.0,-97.0,-100.0,-100.0,-100.0,-100.0,-100.0,-100.0,-100.0,-80.0,-86.72727272727273,-82.0,-100.0,-96.0,-89.0,-87.0,-87.61538461538461
7,Stairs/RightEnd,4,-100.0,-88.0,-82.0,-100.0,-100.0,-100.0,-100.0,-100.0,-100.0,-85.44444444444444,-89.16666666666667,-93.0,-100.0,-95.0,-77.0,-84.0,-90.0
7,Stairs/RightEnd,5,-100.0,-85.0,-100.0,-100.0,-100.0,-100.0,-100.0,-100.0,-100.0,-85.66666666666667,-85.0,-94.0,-100.0,-90.0,-90.0,-89.0,-87.85714285714286
7,TopPicks/Audiovisual,1,-100.0,-100.0,-100.0,-94.0,-81.5,-80.0,-100.0,-81.5,-100.0,-78.89473684210526,-80.33333333333333,-100.0,-100.0,-100.0,-100.0,-100.0,-81.75
7,TopPicks/Audiovisual,2,-100.0,-100.0,-100.0,-100.0,-86.0,-79.0,-88.0,-87.0,-100.0,-73.3076923076923,-75.76923076923077,-100.0,-100.0,-100.0,-100.0,-100.0,-72.54545454545455
7,TopPicks/Audiovisual,3,-100.0,-100.0,-100.0,-95.0,-85.0,-72.0,-100.0,-80.0,-100.0,-80.375,-80.66666666666667,-100.0,-100.0,-100.0,-100.0,-100.0,-81.625
7,TopPicks/Audiovisual,4,-100.0,-100.0,-100.0,-94.0,-83.5,-82.5,-100.0,-81.5,-100.0,-68.2,-74.14285714285714,-100.0,-94.0,-100.0,-96.0,-97.0,-75.23076923076923
7,TopPicks/Audiovisual,5,-100.0,-100.0,-100.0,-94.0,-81.0,-82.0,-95.0,-82.0,-100.0,-75.91666666666667,-79.26666666666667,-100.0,-100.0,-100.0,-100.0,-100.0,-78.5
8,Hallway/LeftEnd,1,-100.0,-91.0,-100.0,-100.0,-82.0,-85.5,-92.0,-85.0,-100.0,-84.125,-86.11111111111111,-87.5,-84.5,-89.0,-83.0,-92.0,-86.72727272727273
8,Hallway/LeftEnd,2,-100.0,-100.0,-100.0,-100.0,-88.0,-94.5,-100.0,-94.5,-100.0,-88.86666666666666,-88.0,-93.0,-100.0,-100.0,-100.0,-100.0,-91.14285714285714
8,Hallway/LeftEnd,3,-96.0,-100.0,-100.0,-100.0,-77.5,-76.0,-100.0,-78.0,-100.0,-76.0,-78.1,-95.0,-94.0,-100.0,-100.0,-100.0,-80.45454545454545
8,Hallway/LeftEnd,4,-100.0,-100.0,-100.0,-100.0,-92.0,-92.5,-100.0,-92.5,-100.0,-85.13333333333334,-84.8125,-100.0,-100.0,-100.0,-100.0,-100.0,-87.44444444444444
8,Hallway/LeftEnd,5,-94.0,-100.0,-92.0,-100.0,-86.0,-86.0,-100.0,-86.0,-100.0,-82.61538461538461,-84.64285714285714,-100.0,-100.0,-100.0,-100.0,-100.0,-83.875
8,LaptopPriority/CurrentPeriodicals,1,-72.0,-100.0,-100.0,-94.0,-100.0,-88.0,-96.0,-100.0,-100.0,-79.57894736842105,-79.89473684210526,-95.0,-100.0,-96.0,-90.0,-89.0,-82.125
8,LaptopPriority/CurrentPeriodicals,2,-100.0,-94.0,-100.0,-78.0,-100.0,-100.0,-90.0,-100.0,-100.0,-72.84615384615384,-74.3076923076923,-94.0,-91.0,-89.0,-100.0,-100.0,-78.625
8,LaptopPriority/CurrentPeriodicals,3,-100.0,-95.0,-100.0,-85.0,-100.0,-100.0,-91.0,-100.0,-100.0,-73.06666666666666,-75.42857142857143,-100.0,-89.0,-100.0,-88.0,-88.0,-76.1875
8,LaptopPriority/CurrentPeriodicals,4,-100.0,-88.0,-100.0,-80.0,-97.0,-95.0,-100.0,-96.0,-100.0,-76.3529411764706,-79.23529411764706,-85.0,-93.0,-100.0,-87.0,-88.0,-79.29411764705883
8,LaptopPriority/CurrentPeriodicals,5,-100.0,-91.0,-100.0,-88.0,-96.0,-100.0,-100.0,-100.0,-100.0,-72.38461538461539,-74.38461538461539,-84.0,-100.0,-96.0,-93.0,-92.0,-76.5
8,MainStairs/TopPicks,1,-100.0,-100.0,-74.0,-94.0,-72.0,-72.5,-96.0,-73.0,-100.0,-71.91666666666667,-75.28571428571429,-100.0,-100.0,-100.0,-100.0,-100.0,-72.46153846153847
8,MainStairs/TopPicks,2,-100.0,-100.0,-100.0,-88.0,-76.0,-80.5,-100.0,-77.5,-100.0,-79.1875,-79.94444444444444,-100.0,-100.0,-100.0,-100.0,-100.0,-83.5
8,MainStairs/TopPicks,3,-100.0,-100.0,-100.0,-100.0,-89.0,-88.0,-86.0,-88.0,-100.0,-76.42857142857143,-81.6470588235294,-94.0,-80.0,-100.0,-100.0,-100.0,-79.13333333333334
8,MainStairs/TopPicks,4,-100.0,-94.0,-77.0,-97.0,-83.5,-82.0,-100.0,-82.5,-100.0,-74.76923076923077,-75.78571428571429,-100.0,-93.0,-100.0,-91.0,-92.0,-76.3076923076923
8,MainStairs/TopPicks,5,-100.0,-100.0,-77.0,-83.0,-74.0,-72.5,-94.0,-72.0,-100.0,-66.5,-67.1,-100.0,-91.0,-100.0,-93.0,-95.0,-67.66666666666667
8,Stairs/RightEnd,1,-88.0,-100.0,-100.0,-100.0,-90.0,-88.0,-100.0,-88.0,-100.0,-83.4,-86.92307692307692,-89.0,-100.0,-100.0,-100.0,-100.0,-86.46666666666667
8,Stairs/RightEnd,2,-100.0,-100.0,-100.0,-100.0,-98.0,-100.0,-100.0,-95.0,-100.0,-81.11111111111111,-84.35714285714286,-100.0,-87.0,-100.0,-89.0,-89.0,-87.33333333333333
8,Stairs/RightEnd,3,-100.0,-100.0,-100.0,-100.0,-100.0,-100.0,-100.0,-100.0,-100.0,-78.0,-83.22222222222223,-82.0,-100.0,-100.0,-89.0,-88.0,-84.5
8,Stairs/RightEnd,4,-100.0,-88.0,-82.0,-100.0,-100.0,-100.0,-100.0,-100.0,-100.0,-83.75,-88.07692307692308,-93.0,-100.0,-100.0,-77.0,-84.0,-89.0
8,Stairs/RightEnd,5,-100.0,-85.0,-100.0,-100.0,-100.0,-100.0,-100.0,-100.0,-100.0,-86.0,-86.0,-97.0,-100.0,-82.0,-90.0,-89.0,-88.42857142857143
8,TopPicks/Audiovisual,1,-100.0,-100.0,-100.0,-94.0,-82.5,-80.0,-100.0,-81.5,-100.0,-78.83333333333333,-80.72222222222223,-100.0,-100.0,-100.0,-95.0,-96.0,-81.45
8,TopPicks/Audiovisual,2,-100.0,-100.0,-100.0,-100.0,-86.0,-79.0,-88.0,-87.0,-100.0,-73.36363636363636,-77.75,-100.0,-100.0,-100.0,-100.0,-100.0,-74.5
8,TopPicks/Audiovisual,3,-100.0,-100.0,-100.0,-95.0,-89.0,-89.0,-91.0,-71.0,-100.0,-78.4375,-78.21428571428571,-100.0,-100.0,-100.0,-100.0,-100.0,-80.93333333333334
8,TopPicks/Audiovisual,4,-100.0,-100.0,-100.0,-94.0,-79.5,-81.5,-100.0,-78.0,-100.0,-70.83333333333333,-73.78571428571429,-100.0,-94.0,-100.0,-96.0,-97.0,-75.92857142857143
8,TopPicks/Audiovisual,5,-100.0,-100.0,-100.0,-94.0,-82.5,-85.0,-95.0,-85.0,-100.0,-74.61538461538461,-79.2,-100.0,-100.0,-100.0,-100.0,-100.0,-77.92307692307692
9,Hallway/LeftEnd,1,-100.0,-91.0,-100.0,-100.0,-92.5,-85.5,-92.0,-85.0,-100.0,-86.875,-84.71428571428571,-87.5,-84.5,-89.0,-83.0,-92.0,-87.7
9,Hallway/LeftEnd,2,-100.0,-100.0,-100.0,-100.0,-88.0,-94.5,-100.0,-94.5,-100.0,-89.3076923076923,-87.95454545454545,-93.0,-100.0,-100.0,-100.0,-100.0,-90.92857142857143
9,Hallway/LeftEnd,3,-96.0,-100.0,-100.0,-100.0,-78.0,-78.0,-100.0,-78.0,-100.0,-77.18181818181819,-80.81818181818181,-95.0,-94.0,-100.0,-100.0,-100.0,-82.07692307692308
9,Hallway/LeftEnd,4,-100.0,-100.0,-100.0,-100.0,-93.5,-92.5,-100.0,-92.5,-100.0,-85.1875,-84.85714285714286,-100.0,-100.0,-100.0,-100.0,-100.0,-87.41176470588235
9,Hallway/LeftEnd,5,-94.0,-100.0,-92.0,-100.0,-86.0,-86.0,-100.0,-86.0,-100.0,-82.0,-84.57142857142857,-100.0,-100.0,-100.0,-100.0,-100.0,-83.125
9,LaptopPriority/CurrentPeriodicals,1,-72.0,-96.0,-100.0,-94.0,-100.0,-88.0,-87.0,-100.0,-100.0,-79.85,-81.54545454545455,-93.0,-100.0,-93.0,-87.0,-78.0,-82.5
9,LaptopPriority/CurrentPeriodicals,2,-100.0,-94.0,-100.0,-78.0,-100.0,-100.0,-92.0,-100.0,-100.0,-73.78571428571429,-77.13333333333334,-94.0,-93.0,-89.0,-97.0,-96.0,-78.94117647058823
9,LaptopPriority/CurrentPeriodicals,3,-100.0,-95.0,-100.0,-85.0,-100.0,-100.0,-91.0,-100.0,-100.0,-74.26666666666667,-77.86666666666666,-91.0,-89.0,-100.0,-88.0,-88.0,-78.23529411764706
9,LaptopPriority/CurrentPeriodicals,4,-100.0,-86.0,-100.0,-80.0,-98.0,-95.0,-100.0,-96.0,-100.0,-78.47058823529412,-77.07142857142857,-85.0,-95.0,-89.0,-88.0,-89.0,-75.78571428571429
9,LaptopPriority/CurrentPeriodicals,5,-100.0,-91.0,-100.0,-88.0,-96.0,-100.0,-100.0,-100.0,-100.0,-73.3076923076923,-78.25,-76.0,-100.0,-96.0,-93.0,-92.0,-78.58823529411765
9,MainStairs/TopPicks,1,-100.0,-100.0,-100.0,-94.0,-72.5,-73.0,-96.0,-69.0,-100.0,-73.92307692307692,-75.28571428571429,-100.0,-100.0,-100.0,-100.0,-100.0,-74.23076923076923
9,MainStairs/TopPicks,2,-100.0,-100.0,-100.0,-88.0,-75.5,-80.0,-100.0,-77.0,-100.0,-77.0,-78.9375,-100.0,-100.0,-100.0,-100.0,-100.0,-82.35
9,MainStairs/TopPicks,3,-100.0,-100.0,-100.0,-100.0,-88.0,-86.0,-91.0,-87.0,-100.0,-75.64285714285714,-81.88235294117646,-94.0,-92.0,-100.0,-100.0,-100.0,-79.42857142857143
9,MainStairs/TopPicks,4,-100.0,-100.0,-100.0,-97.0,-76.0,-73.0,-100.0,-77.0,-100.0,-77.0,-77.46666666666667,-100.0,-91.0,-100.0,-89.0,-92.0,-80.0625
9,MainStairs/TopPicks,5,-100.0,-100.0,-100.0,-83.0,-75.5,-76.0,-100.0,-80.0,-100.0,-62.57142857142857,-64.44444444444444,-100.0,-91.0,-100.0,-93.0,-95.0,-67.55555555555556
9,Stairs/RightEnd,1,-88.0,-100.0,-100.0,-100.0,-90.0,-88.0,-100.0,-88.0,-100.0,-86.2,-88.0,-100.0,-100.0,-100.0,-100.0,-100.0,-87.35714285714286
9,Stairs/RightEnd,2,-100.0,-100.0,-100.0,-100.0,-96.0,-93.0,-100.0,-90.5,-100.0,-79.66666666666667,-85.53846153846153,-100.0,-100.0,-100.0,-100.0,-100.0,-84.33333333333333
9,Stairs/RightEnd,3,-100.0,-100.0,-100.0,-100.0,-100.0,-100.0,-100.0,-100.0,-100.0,-81.75,-86.875,-82.0,-100.0,-100.0,-89.0,-88.0,-85.0
9,Stairs/RightEnd,4,-100.0,-90.0,-82.0,-100.0,-100.0,-100.0,-100.0,-100.0,-100.0,-79.6,-88.76923076923077,-87.0,-100.0,-89.0,-76.0,-75.0,-89.6
9,Stairs/RightEnd,5,-100.0,-85.0,-100.0,-100.0,-100.0,-100.0,-100.0,-100.0,-100.0,-85.14285714285714,-86.57142857142857,-94.0,-100.0,-82.0,-85.0,-86.5,-88.0
9,TopPicks/Audiovisual,1,-100.0,-100.0,-82.0,-94.0,-86.5,-80.0,-90.0,-80.0,-100.0,-77.6,-78.06666666666666,-100.0,-100.0,-100.0,-95.0,-96.0,-80.375
9,TopPicks/Audiovisual,2,-100.0,-100.0,-100.0,-100.0,-85.0,-100.0,-88.0,-100.0,-100.0,-72.27272727272727,-77.23076923076923,-100.0,-100.0,-100.0,-100.0,-100.0,-72.81818181818181
9,TopPicks/Audiovisual,3,-100.0,-100.0,-100.0,-100.0,-92.0,-91.0,-91.0,-90.0,-100.0,-79.125,-78.6875,-100.0,-100.0,-100.0,-100.0,-100.0,-78.92857142857143
9,TopPicks/Audiovisual,4,-100.0,-100.0,-100.0,-96.0,-74.0,-76.5,-100.0,-80.5,-100.0,-72.84615384615384,-75.86666666666666,-100.0,-94.0,-98.0,-96.0,-97.0,-77.8125
9,TopPicks/Audiovisual,5,-100.0,-100.0,-100.0,-96.0,-80.5,-83.0,-95.0,-82.0,-100.0,-75.28571428571429,-77.53333333333333,-100.0,-100.0,-100.0,-90.0,-100.0,-77.14285714285714
10,Hallway/LeftEnd,1,-100.0,-91.0,-100.0,-100.0,-92.5,-85.5,-92.0,-85.0,-100.0,-83.5,-84.0,-87.5,-84.5,-89.0,-83.0,-92.0,-90.75
10,Hallway/LeftEnd,2,-100.0,-100.0,-100.0,-100.0,-88.0,-94.5,-100.0,-94.5,-100.0,-89.25,-88.18181818181819,-93.0,-100.0,-100.0,-100.0,-100.0,-90.92857142857143
10,Hallway/LeftEnd,3,-96.0,-100.0,-100.0,-100.0,-78.0,-85.0,-100.0,-78.0,-100.0,-80.15384615384616,-82.61538461538461,-100.0,-94.0,-100.0,-100.0,-100.0,-84.33333333333333
10,Hallway/LeftEnd,4,-100.0,-100.0,-100.0,-100.0,-95.0,-92.5,-100.0,-92.5,-100.0,-86.61111111111111,-86.125,-100.0,-100.0,-100.0,-100.0,-100.0,-88.65
10,Hallway/LeftEnd,5,-94.0,-100.0,-100.0,-100.0,-86.0,-86.0,-100.0,-86.0,-100.0,-80.08333333333333,-84.0,-100.0,-100.0,-100.0,-100.0,-100.0,-83.53333333333333
10,LaptopPriority/CurrentPeriodicals,1,-72.0,-96.0,-100.0,-93.0,-100.0,-88.0,-87.0,-100.0,-100.0,-80.9,-85.0,-93.0,-100.0,-93.0,-86.0,-86.0,-84.66666666666667
10,LaptopPriority/CurrentPeriodicals,2,-100.0,-94.0,-100.0,-78.0,-100.0,-100.0,-92.0,-100.0,-100.0,-75.07142857142857,-79.625,-94.0,-93.0,-100.0,-97.0,-96.0,-82.26315789473684
10,LaptopPriority/CurrentPeriodicals,3,-100.0,-95.0,-100.0,-85.0,-100.0,-100.0,-91.0,-100.0,-100.0,-72.84615384615384,-75.83333333333333,-91.0,-89.0,-100.0,-88.0,-88.0,-77.4375
10,LaptopPriority/CurrentPeriodicals,4,-100.0,-86.0,-100.0,-100.0,-98.0,-95.0,-100.0,-96.0,-100.0,-77.3125,-76.66666666666667,-88.0,-95.0,-89.0,-87.0,-87.0,-76.625
10,LaptopPriority/CurrentPeriodicals,5,-100.0,-100.0,-100.0,-88.0,-100.0,-100.0,-100.0,-100.0,-100.0,-74.58333333333333,-78.3125,-90.0,-100.0,-96.0,-93.0,-92.0,-76.66666666666667
10,MainStairs/TopPicks,1,-74.0,-100.0,-100.0,-94.0,-70.5,-70.5,-96.0,-70.0,-100.0,-77.92857142857143,-77.125,-100.0,-100.0,-100.0,-100.0,-100.0,-76.71428571428571
10,MainStairs/TopPicks,2,-100.0,-100.0,-100.0,-100.0,-76.0,-80.5,-97.0,-77.5,-100.0,-72.33333333333333,-75.85714285714286,-100.0,-92.0,-100.0,-100.0,-100.0,-77.86666666666666
10,MainStairs/TopPicks,3,-100.0,-100.0,-100.0,-91.0,-84.0,-84.0,-91.0,-85.0,-100.0,-73.5,-78.375,-100.0,-95.0,-100.0,-100.0,-100.0,-74.46153846153847
10,MainStairs/TopPicks,4,-100.0,-100.0,-100.0,-97.0,-73.0,-69.5,-100.0,-70.5,-100.0,-81.52941176470588,-80.76470588235294,-100.0,-91.0,-100.0,-89.0,-92.0,-84.95454545454545
10,MainStairs/TopPicks,5,-100.0,-100.0,-100.0,-94.0,-77.5,-79.5,-100.0,-84.0,-100.0,-70.0,-71.8,-100.0,-91.0,-100.0,-94.0,-93.0,-69.55555555555556
10,Stairs/RightEnd,1,-84.0,-97.0,-100.0,-100.0,-90.0,-88.0,-100.0,-88.0,-100.0,-87.22222222222223,-88.0,-100.0,-100.0,-100.0,-100.0,-100.0,-88.3076923076923
10,Stairs/RightEnd,2,-100.0,-100.0,-100.0,-100.0,-96.0,-93.0,-100.0,-90.5,-100.0,-87.75,-87.41666666666667,-100.0,-100.0,-94.0,-100.0,-100.0,-88.5
10,Stairs/RightEnd,3,-100.0,-100.0,-100.0,-100.0,-100.0,-100.0,-100.0,-100.0,-100.0,-85.0,-81.85714285714286,-72.0,-100.0,-100.0,-100.0,-100.0,-82.85714285714286
10,Stairs/RightEnd,4,-100.0,-88.0,-82.0,-100.0,-100.0,-100.0,-100.0,-100.0,-100.0,-79.0,-89.45454545454545,-89.0,-100.0,-89.0,-91.0,-90.0,-87.4
10,Stairs/RightEnd,5,-100.0,-85.0,-100.0,-100.0,-100.0,-100.0,-100.0,-100.0,-100.0,-82.5,-87.6,-91.0,-100.0,-82.0,-78.0,-84.0,-87.71428571428571
10,TopPicks/Audiovisual,1,-100.0,-100.0,-82.0,-94.0,-86.5,-80.0,-90.0,-80.0,-100.0,-77.3076923076923,-82.35714285714286,-100.0,-100.0,-100.0,-95.0,-96.0,-82.46666666666667
10,TopPicks/Audiovisual,2,-100.0,-100.0,-100.0,-88.0,-88.0,-92.0,-88.0,-93.0,-100.0,-73.72727272727273,-76.84615384615384,-100.0,-100.0,-100.0,-100.0,-100.0,-72.81818181818181
10,TopPicks/Audiovisual,3,-100.0,-100.0,-100.0,-83.0,-92.0,-91.0,-89.0,-90.0,-100.0,-78.13333333333334,-78.9375,-100.0,-100.0,-100.0,-100.0,-100.0,-78.23076923076923
10,TopPicks/Audiovisual,4,-100.0,-100.0,-100.0,-96.0,-86.5,-87.0,-100.0,-86.5,-100.0,-74.07142857142857,-76.5,-100.0,-100.0,-98.0,-96.0,-97.0,-79.27777777777777
10,TopPicks/Audiovisual,5,-100.0,-100.0,-100.0,-96.0,-81.5,-83.5,-100.0,-82.0,-100.0,-75.71428571428571,-78.46153846153847,-100.0,-100.0,-100.0,-90.0,-97.0,-78.66666666666667
11,Hallway/LeftEnd,1,-100.0,-100.0,-100.0,-100.0,-86.5,-86.0,-100.0,-89.5,-100.0,-75.6,-79.57142857142857,-82.0,-82.0,-100.0,-83.0,-92.0,-84.875
11,Hallway/LeftEnd,2,-100.0,-100.0,-100.0,-100.0,-94.0,-94.5,-100.0,-94.5,-100.0,-89.22222222222223,-91.6,-93.0,-100.0,-100.0,-100.0,-100.0,-90.1
11,Hallway/LeftEnd,3,-96.0,-100.0,-100.0,-100.0,-73.0,-75.5,-100.0,-71.5,-100.0,-79.0,-80.26666666666667,-100.0,-100.0,-100.0,-100.0,-100.0,-79.66666666666667
11,Hallway/LeftEnd,4,-100.0,-100.0,-100.0,-100.0,-98.0,-94.0,-100.0,-94.0,-100.0,-85.88235294117646,-83.2,-100.0,-100.0,-100.0,-100.0,-100.0,-86.78947368421052
11,Hallway/LeftEnd,5,-94.0,-100.0,-100.0,-100.0,-86.0,-86.0,-100.0,-86.0,-100.0,-80.25,-84.76923076923077,-100.0,-100.0,-100.0,-100.0,-100.0,-84.06666666666666
11,LaptopPriority/CurrentPeriodicals,1,-72.0,-93.0,-100.0,-93.0,-100.0,-88.0,-96.0,-100.0,-100.0,-78.3157894736842,-82.14285714285714,-93.0,-100.0,-81.0,-93.0,-86.0,-80.21052631578948
11,LaptopPriority/CurrentPeriodicals,2,-100.0,-94.0,-100.0,-78.0,-100.0,-100.0,-92.0,-100.0,-100.0,-73.78571428571429,-76.3125,-91.0,-93.0,-100.0,-97.0,-96.0,-81.7
11,LaptopPriority/CurrentPeriodicals,3,-100.0,-95.0,-100.0,-85.0,-100.0,-100.0,-100.0,-100.0,-100.0,-74.81818181818181,-76.0,-94.0,-89.0,-100.0,-100.0,-100.0,-77.14285714285714
11,LaptopPriority/CurrentPeriodicals,4,-78.0,-86.0,-100.0,-100.0,-98.0,-95.0,-100.0,-96.0,-100.0,-78.53333333333333,-79.06666666666666,-88.0,-95.0,-89.0,-87.0,-87.0,-81.625
11,LaptopPriority/CurrentPeriodicals,5,-100.0,-100.0,-100.0,-100.0,-100.0,-100.0,-100.0,-100.0,-100.0,-74.15384615384616,-77.21428571428571,-90.0,-95.0,-96.0,-93.0,-92.0,-79.5625
11,MainStairs/TopPicks,1,-74.0,-100.0,-100.0,-94.0,-80.5,-79.0,-96.0,-81.0,-100.0,-78.86666666666666,-78.27777777777777,-100.0,-88.0,-100.0,-100.0,-100.0,-77.53333333333333
11,MainStairs/TopPicks,2,-100.0,-100.0,-100.0,-100.0,-79.0,-84.0,-97.0,-80.5,-100.0,-71.0909090909091,-74.0,-100.0,-92.0,-100.0,-100.0,-100.0,-75.0
11,MainStairs/TopPicks,3,-100.0,-100.0,-100.0,-91.0,-86.0,-81.0,-97.0,-84.0,-100.0,-71.75,-75.875,-100.0,-95.0,-100.0,-100.0,-100.0,-71.0
11,MainStairs/TopPicks,4,-100.0,-100.0,-100.0,-97.0,-73.0,-73.5,-100.0,-74.0,-100.0,-81.63157894736842,-81.33333333333333,-100.0,-89.0,-100.0,-89.0,-92.0,-85.30434782608695
11,MainStairs/TopPicks,5,-100.0,-100.0,-100.0,-94.0,-79.5,-80.5,-92.0,-80.5,-100.0,-69.55555555555556,-71.8,-100.0,-91.0,-100.0,-91.0,-92.0,-69.0
11,Stairs/RightEnd,1,-91.0,-97.0,-100.0,-100.0,-100.0,-100.0,-100.0,-100.0,-100.0,-89.0,-89.78571428571429,-100.0,-100.0,-100.0,-100.0,-100.0,-89.28571428571429
11,Stairs/RightEnd,2,-94.0,-91.0,-100.0,-100.0,-94.0,-93.0,-100.0,-90.5,-100.0,-88.875,-89.18181818181819,-85.0,-100.0,-96.0,-95.0,-91.0,-89.18181818181819
11,Stairs/RightEnd,3,-100.0,-100.0,-100.0,-100.0,-100.0,-100.0,-100.0,-100.0,-100.0,-84.0909090909091,-81.77272727272727,-84.0,-100.0,-100.0,-100.0,-100.0,-82.18181818181819
11,Stairs/RightEnd,4,-100.0,-87.0,-82.0,-100.0,-100.0,-100.0,-100.0,-100.0,-100.0,-84.28571428571429,-89.84615384615384,-90.0,-100.0,-89.0,-72.0,-83.0,-90.625
11,Stairs/RightEnd,5,-100.0,-100.0,-100.0,-100.0,-100.0,-100.0,-100.0,-100.0,-100.0,-84.0,-86.0,-77.0,-100.0,-82.0,-89.0,-90.0,-90.14285714285714
11,TopPicks/Audiovisual,1,-100.0,-100.0,-82.0,-86.0,-86.0,-90.0,-97.0,-87.0,-100.0,-73.9090909090909,-77.91666666666667,-100.0,-100.0,-100.0,-95.0,-96.0,-79.41666666666667
11,TopPicks/Audiovisual,2,-100.0,-100.0,-100.0,-88.0,-91.0,-92.0,-92.0,-93.0,-100.0,-76.66666666666667,-76.84615384615384,-100.0,-100.0,-100.0,-100.0,-100.0,-76.15384615384616
11,TopPicks/Audiovisual,3,-100.0,-100.0,-100.0,-81.0,-89.0,-89.0,-95.0,-89.0,-100.0,-80.0,-79.9375,-100.0,-100.0,-100.0,-100.0,-100.0,-75.58333333333333
11,TopPicks/Audiovisual,4,-100.0,-100.0,-100.0,-96.0,-81.5,-74.5,-100.0,-74.0,-100.0,-75.53333333333333,-78.05263157894737,-100.0,-100.0,-98.0,-96.0,-97.0,-79.16666666666667
11,TopPicks/Audiovisual,5,-100.0,-100.0,-100.0,-96.0,-79.5,-84.0,-92.0,-83.0,-100.0,-75.15384615384616,-77.38461538461539,-100.0,-100.0,-100.0,-90.0,-97.0,-78.4
12,Hallway/LeftEnd,1,-100.0,-100.0,-100.0,-100.0,-86.0,-85.0,-100.0,-93.0,-100.0,-80.7,-80.18181818181819,-82.0,-100.0,-100.0,-100.0,-100.0,-82.1
12,Hallway/LeftEnd,2,-100.0,-100.0,-100.0,-100.0,-100.0,-94.0,-100.0,-95.0,-100.0,-89.2,-89.9,-93.0,-100.0,-100.0,-100.0,-100.0,-89.54545454545455
12,Hallway/LeftEnd,3,-100.0,-100.0,-100.0,-100.0,-74.0,-73.5,-100.0,-73.5,-100.0,-79.5,-80.75,-100.0,-100.0,-100.0,-100.0,-100.0,-80.35714285714286
12,Hallway/LeftEnd,4,-100.0,-100.0,-100.0,-100.0,-98.0,-94.0,-100.0,-94.0,-100.0,-86.23529411764706,-84.33333333333333,-100.0,-100.0,-100.0,-100.0,-100.0,-86.88888888888889
12,Hallway/LeftEnd,5,-100.0,-100.0,-100.0,-100.0,-86.0,-86.0,-100.0,-86.0,-100.0,-78.0909090909091,-86.75,-100.0,-100.0,-100.0,-100.0,-100.0,-82.64285714285714
12,LaptopPriority/CurrentPeriodicals,1,-72.0,-93.0,-100.0,-85.0,-100.0,-88.0,-89.0,-100.0,-100.0,-75.70588235294117,-77.94736842105263,-93.0,-100.0,-81.0,-93.0,-86.0,-78.26315789473684
12,LaptopPriority/CurrentPeriodicals,2,-100.0,-94.0,-100.0,-100.0,-100.0,-100.0,-92.0,-100.0,-100.0,-74.0,-79.0,-88.0,-93.0,-100.0,-97.0,-96.0,-83.65
12,LaptopPriority/CurrentPeriodicals,3,-100.0,-95.0,-100.0,-100.0,-100.0,-100.0,-100.0,-100.0,-100.0,-76.0,-76.36363636363636,-94.0,-89.0,-100.0,-100.0,-100.0,-76.25
12,LaptopPriority/CurrentPeriodicals,4,-78.0,-86.0,-100.0,-92.0,-98.0,-95.0,-100.0,-96.0,-100.0,-76.35714285714286,-78.125,-88.0,-95.0,-89.0,-96.0,-96.0,-82.22222222222223
12,LaptopPriority/CurrentPeriodicals,5,-100.0,-100.0,-100.0,-100.0,-100.0,-100.0,-100.0,-100.0,-100.0,-75.57142857142857,-77.2,-88.0,-95.0,-100.0,-100.0,-100.0,-78.17647058823529
12,MainStairs/TopPicks,1,-74.0,-100.0,-100.0,-94.0,-86.0,-84.5,-100.0,-81.5,-100.0,-76.07692307692308,-79.58823529411765,-100.0,-88.0,-100.0,-100.0,-100.0,-78.2
12,MainStairs/TopPicks,2,-100.0,-100.0,-100.0,-100.0,-85.0,-86.0,-97.0,-86.0,-100.0,-71.18181818181819,-73.0,-100.0,-91.0,-100.0,-100.0,-100.0,-75.36363636363636
12,MainStairs/TopPicks,3,-100.0,-100.0,-100.0,-91.0,-81.5,-77.5,-97.0,-75.0,-100.0,-69.41666666666667,-71.57142857142857,-100.0,-95.0,-100.0,-100.0,-100.0,-68.72727272727273
12,MainStairs/TopPicks,4,-100.0,-100.0,-100.0,-100.0,-74.0,-74.5,-100.0,-75.0,-100.0,-81.89473684210526,-81.47058823529412,-100.0,-89.0,-100.0,-89.0,-92.0,-85.34782608695652
12,MainStairs/TopPicks,5,-100.0,-100.0,-100.0,-94.0,-77.5,-79.0,-92.0,-78.5,-100.0,-73.0,-73.91666666666667,-100.0,-91.0,-100.0,-91.0,-92.0,-74.63636363636364
12,Stairs/RightEnd,1,-91.0,-97.0,-100.0,-100.0,-100.0,-100.0,-100.0,-100.0,-100.0,-88.9,-89.76923076923077,-100.0,-100.0,-100.0,-100.0,-97.0,-88.27272727272727
12,Stairs/RightEnd,2,-79.0,-82.0,-100.0,-100.0,-94.0,-93.0,-100.0,-90.5,-100.0,-86.36363636363636,-87.14285714285714,-85.0,-100.0,-85.0,-97.0,-99.0,-87.15384615384616
12,Stairs/RightEnd,3,-100.0,-100.0,-100.0,-100.0,-100.0,-100.0,-100.0,-100.0,-100.0,-85.46153846153847,-82.45454545454545,-84.0,-100.0,-100.0,-100.0,-100.0,-83.33333333333333
12,Stairs/RightEnd,4,-100.0,-84.5,-82.0,-100.0,-100.0,-100.0,-100.0,-100.0,-100.0,-86.0,-89.8,-76.0,-100.0,-89.0,-84.0,-84.0,-89.875
12,Stairs/RightEnd,5,-100.0,-100.0,-100.0,-100.0,-100.0,-100.0,-100.0,-100.0,-100.0,-81.55555555555556,-84.0,-78.0,-100.0,-100.0,-82.0,-81.0,-85.3
12,TopPicks/Audiovisual,1,-100.0,-100.0,-82.0,-86.0,-85.5,-90.0,-93.0,-86.0,-100.0,-77.33333333333333,-77.76923076923077,-100.0,-100.0,-100.0,-90.0,-89.0,-78.15384615384616
12,TopPicks/Audiovisual,2,-100.0,-100.0,-100.0,-88.0,-91.0,-88.0,-92.0,-93.0,-100.0,-74.66666666666667,-75.57142857142857,-100.0,-100.0,-97.0,-100.0,-100.0,-76.21428571428571
12,TopPicks/Audiovisual,3,-100.0,-100.0,-100.0,-81.0,-89.0,-89.0,-95.0,-89.0,-100.0,-78.1875,-74.6923076923077,-100.0,-100.0,-100.0,-100.0,-100.0,-74.5
12,TopPicks/Audiovisual,4,-100.0,-100.0,-89.0,-96.0,-81.5,-74.5,-100.0,-74.0,-100.0,-77.8125,-78.57894736842105,-100.0,-100.0,-98.0,-100.0,-100.0,-80.89473684210526
12,TopPicks/Audiovisual,5,-100.0,-100.0,-100.0,-96.0,-80.5,-83.0,-90.0,-83.5,-100.0,-77.5,-75.92307692307692,-100.0,-100.0,-100.0,-90.0,-97.0,-75.84615384615384
13,Hallway/LeftEnd,1,-91.0,-100.0,-100.0,-100.0,-84.5,-77.0,-100.0,-84.5,-100.0,-83.25,-86.36363636363636,-100.0,-100.0,-100.0,-100.0,-95.0,-83.94736842105263
13,Hallway/LeftEnd,2,-100.0,-100.0,-100.0,-100.0,-89.0,-81.5,-100.0,-88.0,-100.0,-83.23076923076923,-83.25,-93.0,-100.0,-100.0,-100.0,-100.0,-85.3076923076923
13,Hallway/LeftEnd,3,-100.0,-100.0,-100.0,-100.0,-79.5,-79.0,-100.0,-79.5,-100.0,-80.94736842105263,-82.11111111111111,-100.0,-100.0,-100.0,-100.0,-100.0,-82.75
13,Hallway/LeftEnd,4,-100.0,-100.0,-100.0,-100.0,-98.0,-94.0,-100.0,-94.0,-100.0,-85.61290322580645,-84.35714285714286,-100.0,-100.0,-100.0,-100.0,-100.0,-86.3125
13,Hallway/LeftEnd,5,-100.0,-100.0,-100.0,-100.0,-100.0,-100.0,-100.0,-100.0,-100.0,-81.57142857142857,-83.83333333333333,-100.0,-100.0,-100.0,-100.0,-100.0,-84.9
13,LaptopPriority/CurrentPeriodicals,1,-100.0,-93.0,-100.0,-85.0,-100.0,-100.0,-89.0,-100.0,-100.0,-74.14285714285714,-77.15789473684211,-92.0,-100.0,-81.0,-93.0,-86.0,-78.44444444444444
13,LaptopPriority/CurrentPeriodicals,2,-100.0,-100.0,-100.0,-100.0,-100.0,-100.0,-92.0,-100.0,-100.0,-76.21428571428571,-80.11764705882354,-91.0,-93.0,-100.0,-97.0,-96.0,-84.2
13,LaptopPriority/CurrentPeriodicals,3,-100.0,-100.0,-100.0,-100.0,-100.0,-100.0,-100.0,-100.0,-100.0,-71.66666666666667,-73.9090909090909,-86.0,-100.0,-100.0,-100.0,-100.0,-72.88888888888889
13,LaptopPriority/CurrentPeriodicals,4,-78.0,-86.0,-100.0,-92.0,-98.0,-100.0,-100.0,-100.0,-100.0,-75.5,-77.17647058823529,-84.0,-95.0,-89.0,-96.0,-96.0,-81.0
13,LaptopPriority/CurrentPeriodicals,5,-100.0,-100.0,-100.0,-100.0,-100.0,-100.0,-100.0,-100.0,-100.0,-72.63636363636364,-72.18181818181819,-87.0,-95.0,-100.0,-100.0,-100.0,-77.26666666666667
13,MainStairs/TopPicks,1,-74.0,-96.0,-100.0,-100.0,-88.0,-85.5,-96.0,-82.5,-100.0,-78.4,-81.75,-100.0,-85.0,-100.0,-100.0,-100.0,-81.94117647058823
13,MainStairs/TopPicks,2,-100.0,-100.0,-100.0,-100.0,-87.0,-87.0,-95.0,-87.0,-100.0,-71.72727272727273,-75.18181818181819,-100.0,-91.0,-100.0,-100.0,-100.0,-71.44444444444444
13,MainStairs/TopPicks,3,-100.0,-100.0,-100.0,-91.0,-81.5,-78.0,-97.0,-74.0,-100.0,-69.0909090909091,-70.23076923076923,-100.0,-95.0,-100.0,-100.0,-100.0,-71.0909090909091
13,MainStairs/TopPicks,4,-100.0,-100.0,-100.0,-100.0,-79.5,-77.0,-100.0,-81.0,-100.0,-80.55,-79.4375,-100.0,-81.0,-100.0,-89.0,-92.0,-84.0
13,MainStairs/TopPicks,5,-100.0,-100.0,-100.0,-92.0,-81.5,-76.5,-92.0,-82.0,-100.0,-75.08333333333333,-75.6923076923077,-98.0,-100.0,-100.0,-91.0,-92.0,-81.125
13,Stairs/RightEnd,1,-88.0,-97.0,-100.0,-98.0,-100.0,-100.0,-100.0,-100.0,-100.0,-87.0,-88.64285714285714,-92.0,-100.0,-100.0,-98.0,-97.0,-89.0
13,Stairs/RightEnd,2,-79.0,-82.0,-100.0,-100.0,-94.0,-93.0,-100.0,-90.5,-100.0,-84.9090909090909,-84.18181818181819,-74.0,-100.0,-85.0,-97.0,-99.0,-85.27272727272727
13,Stairs/RightEnd,3,-100.0,-100.0,-100.0,-100.0,-100.0,-100.0,-100.0,-100.0,-100.0,-86.83333333333333,-86.5,-84.0,-100.0,-100.0,-100.0,-100.0,-87.33333333333333
13,Stairs/RightEnd,4,-90.0,-86.0,-82.0,-100.0,-100.0,-100.0,-100.0,-100.0,-100.0,-86.0,-88.85714285714286,-76.0,-100.0,-100.0,-78.0,-78.0,-90.5
13,Stairs/RightEnd,5,-100.0,-100.0,-100.0,-100.0,-100.0,-100.0,-100.0,-100.0,-100.0,-82.57142857142857,-83.28571428571429,-78.0,-100.0,-100.0,-93.0,-92.0,-86.44444444444444
13,TopPicks/Audiovisual,1,-100.0,-100.0,-82.0,-86.0,-83.5,-86.0,-93.0,-84.0,-76.0,-75.54545454545455,-76.08333333333333,-100.0,-100.0,-100.0,-90.0,-89.0,-80.0
13,TopPicks/Audiovisual,2,-100.0,-100.0,-100.0,-87.0,-89.0,-85.5,-92.0,-88.0,-100.0,-75.15384615384616,-76.35714285714286,-100.0,-100.0,-97.0,-100.0,-100.0,-77.6
13,TopPicks/Audiovisual,3,-100.0,-100.0,-100.0,-81.0,-89.0,-89.0,-95.0,-89.0,-100.0,-79.14285714285714,-77.6923076923077,-100.0,-100.0,-100.0,-100.0,-100.0,-74.36363636363636
13,TopPicks/Audiovisual,4,-100.0,-100.0,-89.0,-96.0,-84.0,-88.5,-100.0,-83.5,-100.0,-74.66666666666667,-79.44444444444444,-100.0,-100.0,-98.0,-100.0,-100.0,-81.38888888888889
13,TopPicks/Audiovisual,5,-100.0,-100.0,-100.0,-96.0,-81.0,-82.0,-90.0,-85.0,-100.0,-76.92307692307692,-76.78571428571429,-100.0,-100.0,-100.0,-90.0,-97.0,-78.14285714285714
14,Hallway/LeftEnd,1,-91.0,-100.0,-100.0,-100.0,-84.0,-84.0,-100.0,-84.0,-100.0,-84.11764705882354,-87.81818181818181,-100.0,-100.0,-100.0,-100.0,-95.0,-85.10526315789474
14,Hallway/LeftEnd,2,-100.0,-100.0,-100.0,-100.0,-89.5,-88.0,-100.0,-88.0,-100.0,-83.4,-80.42857142857143,-100.0,-100.0,-100.0,-100.0,-100.0,-85.6
14,Hallway/LeftEnd,3,-100.0,-100.0,-100.0,-100.0,-79.5,-79.0,-100.0,-79.5,-100.0,-85.80952380952381,-85.47619047619048,-100.0,-100.0,-100.0,-100.0,-100.0,-85.25
14,Hallway/LeftEnd,4,-100.0,-100.0,-100.0,-100.0,-98.0,-100.0,-100.0,-100.0,-100.0,-84.28571428571429,-82.58333333333333,-100.0,-100.0,-100.0,-100.0,-100.0,-83.41666666666667
14,Hallway/LeftEnd,5,-100.0,-100.0,-100.0,-100.0,-100.0,-100.0,-100.0,-100.0,-100.0,-81.875,-85.33333333333333,-100.0,-100.0,-100.0,-100.0,-100.0,-80.875
14,LaptopPriority/CurrentPeriodicals,1,-100.0,-93.0,-100.0,-85.0,-100.0,-100.0,-89.0,-100.0,-100.0,-75.4,-76.125,-84.5,-96.0,-81.0,-93.0,-86.0,-76.4375
14,LaptopPriority/CurrentPeriodicals,2,-100.0,-100.0,-100.0,-100.0,-100.0,-100.0,-100.0,-100.0,-100.0,-73.66666666666667,-77.86666666666666,-94.0,-100.0,-100.0,-100.0,-100.0,-82.47368421052632
14,LaptopPriority/CurrentPeriodicals,3,-100.0,-100.0,-100.0,-100.0,-100.0,-100.0,-100.0,-100.0,-100.0,-69.6,-73.3076923076923,-87.0,-100.0,-100.0,-100.0,-100.0,-73.16666666666667
14,LaptopPriority/CurrentPeriodicals,4,-78.0,-100.0,-100.0,-92.0,-100.0,-100.0,-100.0,-100.0,-100.0,-75.5625,-77.27777777777777,-90.0,-100.0,-95.0,-96.0,-88.0,-82.91304347826087
14,LaptopPriority/CurrentPeriodicals,5,-100.0,-100.0,-100.0,-90.0,-100.0,-100.0,-95.0,-100.0,-100.0,-75.36363636363636,-76.75,-83.0,-95.0,-100.0,-100.0,-100.0,-80.05882352941177
14,MainStairs/TopPicks,1,-79.0,-93.0,-100.0,-100.0,-90.0,-81.0,-96.0,-82.5,-100.0,-75.0,-82.04545454545455,-100.0,-82.0,-100.0,-100.0,-100.0,-81.3529411764706
14,MainStairs/TopPicks,2,-100.0,-100.0,-100.0,-77.0,-87.0,-87.0,-95.0,-87.0,-100.0,-74.25,-75.63636363636364,-100.0,-91.0,-100.0,-100.0,-100.0,-75.91666666666667
14,MainStairs/TopPicks,3,-100.0,-100.0,-100.0,-91.0,-71.5,-76.5,-97.0,-77.5,-100.0,-72.54545454545455,-69.36363636363636,-100.0,-95.0,-100.0,-100.0,-100.0,-73.91666666666667
14,MainStairs/TopPicks,4,-100.0,-100.0,-100.0,-100.0,-81.5,-81.0,-100.0,-81.0,-100.0,-78.27777777777777,-76.4,-100.0,-81.0,-100.0,-100.0,-100.0,-79.73684210526316
14,MainStairs/TopPicks,5,-100.0,-100.0,-100.0,-92.0,-82.0,-85.0,-92.0,-81.5,-100.0,-78.42857142857143,-80.23529411764706,-98.0,-87.0,-100.0,-91.0,-92.0,-82.8
14,Stairs/RightEnd,1,-88.0,-97.0,-100.0,-91.0,-100.0,-100.0,-100.0,-100.0,-100.0,-89.71428571428571,-90.13333333333334,-85.0,-100.0,-100.0,-83.0,-90.5,-90.625
14,Stairs/RightEnd,2,-79.0,-82.0,-100.0,-100.0,-100.0,-100.0,-100.0,-100.0,-100.0,-86.66666666666667,-85.22222222222223,-74.0,-100.0,-85.0,-97.0,-99.0,-88.2
14,Stairs/RightEnd,3,-100.0,-100.0,-100.0,-100.0,-100.0,-100.0,-100.0,-100.0,-100.0,-85.9090909090909,-84.8,-84.0,-100.0,-100.0,-100.0,-100.0,-87.9
14,Stairs/RightEnd,4,-90.0,-79.0,-100.0,-94.0,-100.0,-100.0,-100.0,-100.0,-100.0,-85.44444444444444,-88.84615384615384,-76.0,-100.0,-93.0,-79.0,-80.0,-90.125
14,Stairs/RightEnd,5,-100.0,-100.0,-100.0,-100.0,-100.0,-100.0,-100.0,-100.0,-100.0,-83.28571428571429,-81.16666666666667,-78.0,-100.0,-100.0,-90.0,-91.0,-85.28571428571429
14,TopPicks/Audiovisual,1,-100.0,-100.0,-100.0,-93.0,-83.0,-88.0,-93.0,-85.5,-76.0,-72.53846153846153,-73.07142857142857,-100.0,-100.0,-100.0,-90.0,-89.0,-74.6
14,TopPicks/Audiovisual,2,-100.0,-100.0,-100.0,-86.0,-86.0,-85.5,-92.0,-87.0,-100.0,-74.0909090909091,-73.33333333333333,-100.0,-97.0,-97.0,-100.0,-100.0,-76.78571428571429
14,TopPicks/Audiovisual,3,-100.0,-100.0,-100.0,-81.0,-89.0,-89.0,-95.0,-89.0,-100.0,-75.0,-75.27272727272727,-100.0,-100.0,-100.0,-100.0,-100.0,-74.4
14,TopPicks/Audiovisual,4,-100.0,-100.0,-89.0,-100.0,-84.0,-88.5,-100.0,-83.5,-100.0,-74.66666666666667,-80.66666666666667,-100.0,-100.0,-100.0,-91.0,-91.0,-82.89473684210526
14,TopPicks/Audiovisual,5,-100.0,-100.0,-100.0,-100.0,-79.5,-74.0,-89.0,-76.0,-100.0,-73.25,-73.78571428571429,-100.0,-100.0,-100.0,-84.0,-93.0,-77.35714285714286
15,Hallway/LeftEnd,1,-91.0,-100.0,-100.0,-100.0,-88.0,-87.0,-100.0,-87.0,-100.0,-82.0,-86.30434782608695,-100.0,-100.0,-100.0,-100.0,-95.0,-83.71428571428571
15,Hallway/LeftEnd,2,-100.0,-100.0,-100.0,-100.0,-89.5,-88.0,-100.0,-88.0,-100.0,-83.0,-83.35714285714286,-100.0,-100.0,-100.0,-100.0,-100.0,-86.8
15,Hallway/LeftEnd,3,-100.0,-100.0,-100.0,-100.0,-79.5,-79.0,-100.0,-79.5,-100.0,-87.35,-84.85714285714286,-100.0,-100.0,-100.0,-100.0,-100.0,-84.75
15,Hallway/LeftEnd,4,-100.0,-100.0,-100.0,-100.0,-98.0,-100.0,-100.0,-100.0,-100.0,-84.3076923076923,-84.0,-100.0,-100.0,-100.0,-100.0,-100.0,-83.72727272727273
15,Hallway/LeftEnd,5,-100.0,-100.0,-100.0,-100.0,-100.0,-100.0,-100.0,-100.0,-100.0,-82.88888888888889,-84.33333333333333,-100.0,-100.0,-100.0,-100.0,-100.0,-82.2
15,LaptopPriority/CurrentPeriodicals,1,-100.0,-93.0,-100.0,-85.0,-100.0,-100.0,-89.0,-100.0,-100.0,-75.4375,-74.46666666666667,-83.0,-96.0,-81.0,-93.0,-100.0,-76.0
15,LaptopPriority/CurrentPeriodicals,2,-100.0,-100.0,-100.0,-100.0,-96.0,-96.0,-100.0,-100.0,-100.0,-73.41666666666667,-76.93333333333334,-80.5,-100.0,-100.0,-100.0,-100.0,-77.66666666666667
15,LaptopPriority/CurrentPeriodicals,3,-100.0,-100.0,-100.0,-100.0,-100.0,-100.0,-100.0,-100.0,-100.0,-71.0,-73.23076923076923,-87.0,-100.0,-100.0,-100.0,-100.0,-72.6923076923077
15,LaptopPriority/CurrentPeriodicals,4,-78.0,-100.0,-100.0,-92.0,-100.0,-100.0,-100.0,-100.0,-100.0,-75.52941176470588,-76.0,-90.0,-100.0,-95.0,-96.0,-88.0,-83.65217391304348
15,LaptopPriority/CurrentPeriodicals,5,-100.0,-100.0,-100.0,-92.0,-100.0,-100.0,-95.0,-100.0,-100.0,-73.75,-73.66666666666667,-80.0,-95.0,-100.0,-100.0,-100.0,-80.41176470588235
15,MainStairs/TopPicks,1,-79.0,-93.0,-74.0,-84.0,-90.5,-87.0,-96.0,-91.0,-100.0,-75.61538461538461,-82.04761904761905,-100.0,-82.0,-100.0,-100.0,-100.0,-82.55555555555556
15,MainStairs/TopPicks,2,-100.0,-100.0,-100.0,-77.0,-81.0,-82.0,-95.0,-81.0,-100.0,-75.25,-77.33333333333333,-100.0,-91.0,-100.0,-100.0,-100.0,-76.58333333333333
15,MainStairs/TopPicks,3,-100.0,-100.0,-100.0,-90.0,-69.5,-70.5,-97.0,-71.5,-100.0,-77.71428571428571,-77.8125,-100.0,-100.0,-100.0,-100.0,-100.0,-78.13333333333334
15,MainStairs/TopPicks,4,-100.0,-100.0,-100.0,-100.0,-80.0,-73.0,-100.0,-73.0,-100.0,-72.61538461538461,-73.08333333333333,-100.0,-83.0,-100.0,-100.0,-100.0,-74.14285714285714
15,MainStairs/TopPicks,5,-100.0,-100.0,-100.0,-97.0,-83.0,-87.0,-92.0,-84.5,-100.0,-79.57142857142857,-80.05882352941177,-98.0,-87.0,-100.0,-91.0,-92.0,-83.05
15,Stairs/RightEnd,1,-88.0,-97.0,-100.0,-91.0,-100.0,-100.0,-100.0,-100.0,-100.0,-89.71428571428571,-90.13333333333334,-85.0,-100.0,-100.0,-83.0,-90.5,-90.625
15,Stairs/RightEnd,2,-79.0,-82.0,-100.0,-100.0,-100.0,-100.0,-100.0,-100.0,-100.0,-83.3,-85.8,-74.0,-100.0,-85.0,-97.0,-99.0,-85.66666666666667
15,Stairs/RightEnd,3,-100.0,-100.0,-100.0,-100.0,-100.0,-100.0,-100.0,-100.0,-100.0,-85.55555555555556,-87.33333333333333,-73.0,-100.0,-100.0,-100.0,-100.0,-89.08333333333333
15,Stairs/RightEnd,4,-90.0,-83.5,-100.0,-94.0,-100.0,-100.0,-100.0,-100.0,-100.0,-83.71428571428571,-86.91666666666667,-79.0,-100.0,-93.0,-79.0,-80.0,-88.83333333333333
15,Stairs/RightEnd,5,-100.0,-100.0,-100.0,-100.0,-100.0,-100.0,-100.0,-100.0,-100.0,-82.16666666666667,-81.83333333333333,-91.0,-100.0,-100.0,-90.0,-91.0,-82.4
15,TopPicks/Audiovisual,1,-100.0,-100.0,-100.0,-95.0,-82.5,-87.5,-93.0,-83.0,-76.0,-71.0,-73.92857142857143,-100.0,-100.0,-100.0,-90.0,-89.0,-74.21428571428571
15,TopPicks/Audiovisual,2,-100.0,-100.0,-100.0,-86.0,-79.0,-81.5,-92.0,-79.0,-100.0,-74.63636363636364,-76.0,-100.0,-88.0,-97.0,-100.0,-100.0,-79.78571428571429
15,TopPicks/Audiovisual,3,-100.0,-100.0,-100.0,-84.0,-89.0,-86.0,-95.0,-89.0,-100.0,-74.18181818181819,-72.72727272727273,-100.0,-100.0,-100.0,-100.0,-96.0,-69.44444444444444
15,TopPicks/Audiovisual,4,-100.0,-100.0,-89.0,-100.0,-81.5,-85.0,-100.0,-86.0,-100.0,-72.53846153846153,-75.8125,-100.0,-100.0,-100.0,-91.0,-91.0,-78.94444444444444
15,TopPicks/Audiovisual,5,-100.0,-100.0,-100.0,-100.0,-80.0,-82.0,-93.0,-89.0,-100.0,-72.15384615384616,-73.42857142857143,-100.0,-100.0,-100.0,-84.0,-93.0,-73.84615384615384
16,Hallway/LeftEnd,1,-95.0,-100.0,-100.0,-100.0,-88.0,-87.0,-100.0,-87.0,-100.0,-83.0,-84.41666666666667,-100.0,-100.0,-100.0,-100.0,-95.0,-84.52380952380952
16,Hallway/LeftEnd,2,-100.0,-100.0,-100.0,-100.0,-89.5,-88.0,-100.0,-88.0,-100.0,-80.375,-79.85714285714286,-100.0,-100.0,-100.0,-100.0,-100.0,-82.5625
16,Hallway/LeftEnd,3,-100.0,-100.0,-100.0,-100.0,-79.5,-79.0,-100.0,-79.5,-100.0,-85.14285714285714,-83.52380952380952,-100.0,-100.0,-100.0,-100.0,-100.0,-83.38095238095238
16,Hallway/LeftEnd,4,-100.0,-100.0,-100.0,-100.0,-100.0,-100.0,-100.0,-100.0,-100.0,-82.83333333333333,-82.54545454545455,-100.0,-100.0,-100.0,-100.0,-100.0,-82.54545454545455
16,Hallway/LeftEnd,5,-100.0,-100.0,-100.0,-100.0,-100.0,-100.0,-100.0,-100.0,-100.0,-80.44444444444444,-82.88888888888889,-100.0,-100.0,-100.0,-100.0,-100.0,-80.3
16,LaptopPriority/CurrentPeriodicals,1,-100.0,-93.0,-100.0,-90.0,-100.0,-100.0,-89.0,-100.0,-100.0,-74.8,-73.86666666666666,-83.0,-96.0,-100.0,-100.0,-100.0,-76.2
16,LaptopPriority/CurrentPeriodicals,2,-100.0,-89.0,-100.0,-100.0,-96.0,-96.0,-100.0,-100.0,-100.0,-75.33333333333333,-77.33333333333333,-80.5,-100.0,-100.0,-100.0,-100.0,-78.93333333333334
16,LaptopPriority/CurrentPeriodicals,3,-100.0,-100.0,-100.0,-100.0,-100.0,-100.0,-100.0,-100.0,-100.0,-69.85,-75.34782608695652,-90.0,-93.0,-100.0,-100.0,-100.0,-75.3076923076923
16,LaptopPriority/CurrentPeriodicals,4,-78.0,-100.0,-100.0,-92.0,-100.0,-100.0,-100.0,-100.0,-100.0,-75.75,-77.6842105263158,-81.0,-100.0,-95.0,-96.0,-88.0,-82.82608695652173
16,LaptopPriority/CurrentPeriodicals,5,-100.0,-100.0,-100.0,-92.0,-100.0,-100.0,-89.0,-100.0,-100.0,-70.0,-74.16666666666667,-80.0,-89.0,-100.0,-100.0,-100.0,-77.46666666666667
16,MainStairs/TopPicks,1,-79.0,-93.0,-74.0,-84.0,-87.5,-83.0,-96.0,-80.5,-100.0,-77.92857142857143,-81.9047619047619,-100.0,-82.0,-100.0,-100.0,-100.0,-82.94736842105263
16,MainStairs/TopPicks,2,-100.0,-100.0,-100.0,-77.0,-83.0,-83.0,-97.0,-82.0,-100.0,-73.9090909090909,-76.07692307692308,-100.0,-91.0,-100.0,-82.0,-90.0,-75.92307692307692
16,MainStairs/TopPicks,3,-100.0,-100.0,-100.0,-90.0,-74.0,-74.5,-100.0,-76.0,-100.0,-76.0,-79.3125,-100.0,-100.0,-100.0,-100.0,-100.0,-79.25
16,MainStairs/TopPicks,4,-100.0,-100.0,-100.0,-100.0,-79.5,-76.0,-100.0,-73.5,-100.0,-70.27272727272727,-73.16666666666667,-100.0,-88.0,-100.0,-100.0,-100.0,-72.53846153846153
16,MainStairs/TopPicks,5,-100.0,-100.0,-100.0,-94.0,-91.0,-87.0,-92.0,-93.0,-100.0,-82.1875,-82.16666666666667,-98.0,-87.0,-100.0,-100.0,-100.0,-83.95454545454545
16,Stairs/RightEnd,1,-88.0,-94.0,-100.0,-91.0,-100.0,-100.0,-100.0,-100.0,-100.0,-89.75,-89.3076923076923,-91.0,-100.0,-100.0,-71.0,-87.0,-89.8125
16,Stairs/RightEnd,2,-100.0,-100.0,-100.0,-100.0,-100.0,-100.0,-100.0,-100.0,-100.0,-87.5,-86.53846153846153,-74.0,-100.0,-100.0,-100.0,-100.0,-85.53846153846153
16,Stairs/RightEnd,3,-96.0,-92.0,-100.0,-100.0,-100.0,-100.0,-100.0,-100.0,-100.0,-83.77777777777777,-84.375,-83.0,-100.0,-93.0,-94.0,-93.0,-87.72727272727273
16,Stairs/RightEnd,4,-90.0,-86.0,-100.0,-94.0,-100.0,-100.0,-100.0,-100.0,-100.0,-86.66666666666667,-89.42307692307692,-92.0,-100.0,-93.0,-87.0,-87.0,-90.38461538461539
16,Stairs/RightEnd,5,-100.0,-100.0,-100.0,-100.0,-100.0,-100.0,-100.0,-100.0,-100.0,-86.4,-89.5,-100.0,-100.0,-100.0,-90.0,-91.0,-87.5
16,TopPicks/Audiovisual,1,-100.0,-100.0,-100.0,-95.0,-80.0,-79.5,-93.0,-75.5,-76.0,-77.4375,-74.78571428571429,-100.0,-100.0,-100.0,-90.0,-89.0,-77.375
16,TopPicks/Audiovisual,2,-100.0,-100.0,-100.0,-86.0,-86.0,-84.5,-92.0,-86.0,-100.0,-72.8,-73.91666666666667,-100.0,-93.0,-97.0,-100.0,-100.0,-78.07692307692308
16,TopPicks/Audiovisual,3,-100.0,-100.0,-100.0,-84.0,-77.0,-83.0,-100.0,-100.0,-100.0,-75.6923076923077,-73.23076923076923,-100.0,-100.0,-100.0,-100.0,-96.0,-76.42857142857143
16,TopPicks/Audiovisual,4,-100.0,-100.0,-89.0,-100.0,-92.0,-87.0,-100.0,-88.5,-78.0,-71.0,-73.85714285714286,-100.0,-91.0,-100.0,-91.0,-91.0,-77.29411764705883
16,TopPicks/Audiovisual,5,-100.0,-100.0,-100.0,-84.0,-87.0,-81.0,-89.0,-86.0,-100.0,-68.9090909090909,-72.16666666666667,-100.0,-93.0,-100.0,-84.0,-93.0,-73.6923076923077
17,Hallway/LeftEnd,1,-95.0,-100.0,-100.0,-97.0,-90.0,-87.0,-100.0,-92.0,-100.0,-83.25,-86.95454545454545,-100.0,-100.0,-100.0,-100.0,-95.0,-85.95238095238095
17,Hallway/LeftEnd,2,-100.0,-100.0,-100.0,-100.0,-89.5,-88.0,-100.0,-88.0,-100.0,-80.82352941176471,-82.92857142857143,-100.0,-100.0,-100.0,-100.0,-100.0,-84.6875
17,Hallway/LeftEnd,3,-100.0,-100.0,-100.0,-100.0,-79.5,-79.0,-100.0,-79.5,-100.0,-85.38888888888889,-85.55555555555556,-100.0,-100.0,-100.0,-100.0,-100.0,-84.52941176470588
17,Hallway/LeftEnd,4,-100.0,-100.0,-100.0,-100.0,-100.0,-100.0,-100.0,-100.0,-100.0,-81.0,-80.0,-100.0,-100.0,-100.0,-100.0,-100.0,-80.81818181818181
17,Hallway/LeftEnd,5,-100.0,-100.0,-100.0,-100.0,-100.0,-100.0,-100.0,-100.0,-100.0,-79.4,-80.1,-100.0,-100.0,-100.0,-100.0,-100.0,-78.81818181818181
17,LaptopPriority/CurrentPeriodicals,1,-100.0,-100.0,-100.0,-90.0,-100.0,-100.0,-97.0,-100.0,-100.0,-77.41176470588235,-77.94117647058823,-84.5,-96.0,-100.0,-100.0,-100.0,-77.6
17,LaptopPriority/CurrentPeriodicals,2,-100.0,-89.0,-100.0,-90.0,-96.0,-96.0,-100.0,-100.0,-100.0,-72.58333333333333,-76.73333333333333,-83.5,-100.0,-100.0,-100.0,-100.0,-79.06666666666666
17,LaptopPriority/CurrentPeriodicals,3,-100.0,-100.0,-100.0,-100.0,-100.0,-100.0,-100.0,-100.0,-100.0,-69.5,-75.92307692307692,-96.0,-93.0,-100.0,-100.0,-100.0,-75.42857142857143
17,LaptopPriority/CurrentPeriodicals,4,-89.0,-100.0,-100.0,-90.0,-100.0,-100.0,-100.0,-100.0,-100.0,-75.06666666666666,-76.82352941176471,-78.5,-92.0,-95.0,-100.0,-80.0,-79.7
17,LaptopPriority/CurrentPeriodicals,5,-100.0,-100.0,-100.0,-92.0,-100.0,-100.0,-95.0,-100.0,-100.0,-68.5,-71.54545454545455,-86.0,-89.0,-100.0,-100.0,-100.0,-75.61538461538461
17,MainStairs/TopPicks,1,-79.0,-93.0,-74.0,-84.0,-77.0,-77.0,-96.0,-78.0,-100.0,-76.53333333333333,-80.84210526315789,-100.0,-82.0,-100.0,-86.0,-87.0,-80.55555555555556
17,MainStairs/TopPicks,2,-100.0,-100.0,-100.0,-96.0,-84.0,-83.0,-97.0,-84.0,-100.0,-72.1,-72.45454545454545,-100.0,-91.0,-100.0,-82.0,-90.0,-75.16666666666667
17,MainStairs/TopPicks,3,-100.0,-100.0,-100.0,-89.0,-77.0,-77.0,-90.0,-78.0,-100.0,-79.0,-78.625,-100.0,-92.0,-100.0,-100.0,-100.0,-80.41176470588235
17,MainStairs/TopPicks,4,-100.0,-100.0,-100.0,-80.0,-80.0,-74.0,-100.0,-78.0,-100.0,-70.0909090909091,-72.0,-100.0,-82.0,-100.0,-100.0,-100.0,-71.72727272727273
17,MainStairs/TopPicks,5,-100.0,-100.0,-100.0,-94.0,-91.0,-87.0,-92.0,-93.0,-100.0,-79.82352941176471,-79.38888888888889,-95.0,-87.0,-100.0,-100.0,-100.0,-83.22727272727273
17,Stairs/RightEnd,1,-88.0,-92.5,-100.0,-91.0,-100.0,-100.0,-100.0,-100.0,-100.0,-88.27272727272727,-87.75,-91.0,-100.0,-100.0,-71.0,-79.0,-88.93333333333334
17,Stairs/RightEnd,2,-100.0,-100.0,-100.0,-96.0,-100.0,-100.0,-100.0,-100.0,-100.0,-85.44444444444444,-89.23076923076923,-86.0,-100.0,-100.0,-100.0,-100.0,-88.46153846153847
17,Stairs/RightEnd,3,-96.0,-92.0,-100.0,-100.0,-100.0,-100.0,-100.0,-100.0,-100.0,-79.6,-82.33333333333333,-83.5,-100.0,-93.0,-97.0,-93.0,-88.44444444444444
17,Stairs/RightEnd,4,-100.0,-83.5,-100.0,-97.0,-100.0,-100.0,-100.0,-100.0,-100.0,-87.16666666666667,-90.83333333333333,-92.0,-100.0,-93.0,-78.5,-86.0,-89.76923076923077
17,Stairs/RightEnd,5,-100.0,-100.0,-100.0,-100.0,-100.0,-100.0,-100.0,-100.0,-100.0,-81.8,-84.25,-100.0,-100.0,-100.0,-92.0,-92.0,-84.25
17,TopPicks/Audiovisual,1,-100.0,-100.0,-100.0,-95.0,-80.0,-79.5,-91.0,-75.5,-76.0,-76.6,-73.33333333333333,-100.0,-100.0,-100.0,-100.0,-100.0,-75.93333333333334
17,TopPicks/Audiovisual,2,-100.0,-100.0,-100.0,-86.0,-80.5,-82.0,-92.0,-83.0,-100.0,-69.55555555555556,-71.36363636363636,-100.0,-83.0,-100.0,-100.0,-100.0,-71.8
17,TopPicks/Audiovisual,3,-100.0,-100.0,-100.0,-84.0,-79.0,-77.5,-100.0,-80.5,-100.0,-74.07692307692308,-69.83333333333333,-100.0,-100.0,-100.0,-100.0,-96.0,-75.625
17,TopPicks/Audiovisual,4,-100.0,-100.0,-75.0,-100.0,-92.0,-87.0,-100.0,-88.5,-78.0,-72.61538461538461,-74.93333333333334,-100.0,-91.0,-100.0,-91.0,-91.0,-77.05882352941177
17,TopPicks/Audiovisual,5,-100.0,-100.0,-100.0,-84.0,-87.0,-81.0,-90.0,-86.0,-100.0,-69.0909090909091,-72.83333333333333,-100.0,-93.0,-100.0,-94.0,-92.0,-73.66666666666667
18,Hallway/LeftEnd,1,-95.0,-100.0,-100.0,-100.0,-91.0,-87.0,-100.0,-92.0,-100.0,-84.73333333333333,-87.33333333333333,-100.0,-100.0,-100.0,-100.0,-95.0,-86.5
18,Hallway/LeftEnd,2,-100.0,-100.0,-100.0,-100.0,-90.0,-88.0,-100.0,-100.0,-100.0,-83.83333333333333,-84.3,-100.0,-100.0,-100.0,-100.0,-100.0,-84.5
18,Hallway/LeftEnd,3,-100.0,-100.0,-100.0,-100.0,-87.0,-87.0,-100.0,-87.0,-100.0,-88.0,-86.78571428571429,-100.0,-100.0,-100.0,-100.0,-100.0,-84.93333333333334
18,Hallway/LeftEnd,4,-100.0,-100.0,-100.0,-100.0,-100.0,-100.0,-100.0,-100.0,-100.0,-81.0,-82.18181818181819,-100.0,-100.0,-100.0,-100.0,-100.0,-80.9
18,Hallway/LeftEnd,5,-100.0,-100.0,-100.0,-100.0,-100.0,-100.0,-100.0,-100.0,-100.0,-78.91666666666667,-81.27272727272727,-100.0,-100.0,-100.0,-100.0,-100.0,-78.27272727272727
18,LaptopPriority/CurrentPeriodicals,1,-100.0,-100.0,-100.0,-90.0,-100.0,-100.0,-97.0,-100.0,-100.0,-78.375,-78.6470588235294,-84.0,-96.0,-100.0,-100.0,-100.0,-77.42857142857143
18,LaptopPriority/CurrentPeriodicals,2,-100.0,-89.0,-100.0,-90.0,-96.0,-96.0,-93.0,-100.0,-100.0,-72.9090909090909,-75.71428571428571,-82.0,-100.0,-100.0,-100.0,-100.0,-75.3076923076923
18,LaptopPriority/CurrentPeriodicals,3,-100.0,-100.0,-100.0,-100.0,-100.0,-100.0,-100.0,-100.0,-100.0,-67.88888888888889,-74.58333333333333,-96.0,-93.0,-100.0,-100.0,-100.0,-73.23076923076923
18,LaptopPriority/CurrentPeriodicals,4,-89.0,-100.0,-100.0,-90.0,-100.0,-100.0,-100.0,-100.0,-100.0,-76.0,-78.375,-83.0,-91.0,-95.0,-100.0,-80.0,-80.38095238095238
18,LaptopPriority/CurrentPeriodicals,5,-100.0,-100.0,-100.0,-92.0,-100.0,-100.0,-95.0,-100.0,-100.0,-70.72727272727273,-72.45454545454545,-85.5,-89.0,-100.0,-100.0,-100.0,-76.2
18,MainStairs/TopPicks,1,-79.0,-97.0,-74.0,-84.0,-79.5,-78.0,-100.0,-81.0,-100.0,-75.57142857142857,-80.16666666666667,-100.0,-82.0,-100.0,-71.0,-85.0,-81.44444444444444
18,MainStairs/TopPicks,2,-100.0,-100.0,-100.0,-96.0,-88.0,-88.0,-97.0,-88.0,-100.0,-74.63636363636364,-78.07142857142857,-100.0,-91.0,-100.0,-82.0,-90.0,-80.94117647058823
18,MainStairs/TopPicks,3,-100.0,-100.0,-100.0,-85.0,-78.0,-75.0,-90.0,-76.5,-100.0,-77.14285714285714,-78.9375,-100.0,-89.0,-100.0,-100.0,-100.0,-80.11764705882354
18,MainStairs/TopPicks,4,-100.0,-100.0,-76.0,-80.0,-80.5,-79.0,-98.0,-81.0,-100.0,-70.81818181818181,-73.3076923076923,-100.0,-86.0,-100.0,-94.0,-94.0,-71.0
18,MainStairs/TopPicks,5,-100.0,-100.0,-100.0,-92.0,-88.0,-76.5,-93.0,-72.0,-100.0,-79.3529411764706,-80.5,-95.0,-84.0,-100.0,-100.0,-100.0,-83.80952380952381
18,Stairs/RightEnd,1,-100.0,-92.5,-100.0,-100.0,-100.0,-100.0,-100.0,-100.0,-100.0,-72.5,-77.5,-91.0,-100.0,-100.0,-77.0,-78.0,-84.0
18,Stairs/RightEnd,2,-100.0,-97.0,-100.0,-96.0,-100.0,-100.0,-100.0,-100.0,-100.0,-86.77777777777777,-88.61538461538461,-84.0,-100.0,-100.0,-100.0,-100.0,-87.92307692307692
18,Stairs/RightEnd,3,-89.0,-89.5,-100.0,-100.0,-100.0,-100.0,-100.0,-100.0,-100.0,-83.0,-85.63636363636364,-83.5,-100.0,-93.0,-89.0,-89.0,-87.64285714285714
18,Stairs/RightEnd,4,-100.0,-83.5,-100.0,-97.0,-100.0,-100.0,-100.0,-100.0,-100.0,-87.33333333333333,-91.33333333333333,-92.0,-100.0,-93.0,-78.5,-86.0,-90.71428571428571
18,Stairs/RightEnd,5,-88.0,-100.0,-100.0,-100.0,-100.0,-100.0,-100.0,-100.0,-100.0,-81.2,-86.25,-100.0,-100.0,-100.0,-92.0,-92.0,-84.0
18,TopPicks/Audiovisual,1,-100.0,-100.0,-100.0,-95.0,-80.0,-79.5,-91.0,-75.5,-100.0,-76.46666666666667,-74.53846153846153,-100.0,-100.0,-100.0,-100.0,-100.0,-76.8125
18,TopPicks/Audiovisual,2,-100.0,-100.0,-100.0,-96.0,-78.5,-79.0,-92.0,-80.0,-100.0,-64.75,-72.08333333333333,-100.0,-83.0,-100.0,-100.0,-100.0,-72.6
18,TopPicks/Audiovisual,3,-100.0,-100.0,-100.0,-84.0,-80.5,-81.5,-100.0,-81.0,-100.0,-76.13333333333334,-70.0,-100.0,-100.0,-100.0,-100.0,-96.0,-77.53333333333333
18,TopPicks/Audiovisual,4,-100.0,-100.0,-76.0,-100.0,-92.0,-87.0,-100.0,-88.5,-78.0,-73.3076923076923,-73.0,-100.0,-91.0,-100.0,-91.0,-91.0,-76.0
18,TopPicks/Audiovisual,5,-100.0,-100.0,-100.0,-84.0,-87.0,-86.0,-92.0,-86.0,-100.0,-68.54545454545455,-71.5,-100.0,-93.0,-100.0,-94.0,-92.0,-74.33333333333333
19,Hallway/LeftEnd,1,-95.0,-100.0,-100.0,-100.0,-91.0,-87.0,-100.0,-92.0,-100.0,-85.88888888888889,-87.92857142857143,-100.0,-100.0,-100.0,-100.0,-100.0,-87.23076923076923
19,Hallway/LeftEnd,2,-100.0,-100.0,-100.0,-100.0,-100.0,-100.0,-100.0,-100.0,-100.0,-81.4,-80.2,-100.0,-100.0,-100.0,-100.0,-100.0,-82.78571428571429
19,Hallway/LeftEnd,3,-100.0,-100.0,-100.0,-100.0,-100.0,-100.0,-100.0,-100.0,-100.0,-83.78571428571429,-82.71428571428571,-100.0,-100.0,-100.0,-100.0,-100.0,-81.06666666666666
19,Hallway/LeftEnd,4,-100.0,-100.0,-100.0,-100.0,-100.0,-100.0,-100.0,-100.0,-100.0,-79.27272727272727,-83.5,-100.0,-100.0,-100.0,-100.0,-100.0,-83.3
19,Hallway/LeftEnd,5,-100.0,-100.0,-100.0,-100.0,-100.0,-100.0,-100.0,-100.0,-100.0,-78.91666666666667,-81.27272727272727,-100.0,-100.0,-100.0,-100.0,-100.0,-78.3
19,LaptopPriority/CurrentPeriodicals,1,-100.0,-100.0,-100.0,-90.0,-100.0,-100.0,-97.0,-100.0,-100.0,-81.38888888888889,-80.6842105263158,-93.0,-100.0,-94.0,-100.0,-100.0,-80.94117647058823
19,LaptopPriority/CurrentPeriodicals,2,-100.0,-89.0,-100.0,-90.0,-94.0,-93.0,-80.0,-94.0,-100.0,-69.0909090909091,-74.42857142857143,-84.0,-87.0,-100.0,-100.0,-100.0,-74.46153846153847
19,LaptopPriority/CurrentPeriodicals,3,-100.0,-100.0,-100.0,-91.0,-100.0,-100.0,-100.0,-100.0,-100.0,-68.7,-69.81818181818181,-94.0,-93.0,-100.0,-100.0,-100.0,-72.71428571428571
19,LaptopPriority/CurrentPeriodicals,4,-89.0,-100.0,-100.0,-90.0,-100.0,-100.0,-100.0,-100.0,-100.0,-73.3,-77.83333333333333,-82.0,-91.0,-100.0,-100.0,-100.0,-77.2
19,LaptopPriority/CurrentPeriodicals,5,-100.0,-100.0,-100.0,-92.0,-100.0,-100.0,-93.0,-100.0,-100.0,-71.9090909090909,-73.25,-85.5,-89.0,-100.0,-100.0,-100.0,-76.07142857142857
19,MainStairs/TopPicks,1,-100.0,-97.0,-74.0,-84.0,-78.0,-78.5,-100.0,-79.5,-100.0,-78.0,-78.82352941176471,-100.0,-100.0,-100.0,-71.0,-85.0,-80.11111111111111
19,MainStairs/TopPicks,2,-100.0,-100.0,-100.0,-96.0,-91.0,-91.0,-91.0,-91.0,-100.0,-77.33333333333333,-77.85714285714286,-100.0,-91.0,-100.0,-82.0,-90.0,-80.05882352941177
19,MainStairs/TopPicks,3,-100.0,-100.0,-100.0,-80.0,-79.0,-80.0,-90.0,-81.0,-100.0,-75.46153846153847,-78.6875,-100.0,-86.0,-100.0,-100.0,-100.0,-78.4
19,MainStairs/TopPicks,4,-100.0,-100.0,-76.0,-80.0,-85.5,-82.0,-98.0,-83.5,-100.0,-73.3076923076923,-72.16666666666667,-100.0,-71.0,-100.0,-95.0,-96.0,-69.8
19,MainStairs/TopPicks,5,-100.0,-100.0,-100.0,-92.0,-88.0,-88.0,-93.0,-88.0,-100.0,-77.93333333333334,-79.05555555555556,-95.0,-79.0,-100.0,-83.0,-92.0,-81.65
19,Stairs/RightEnd,1,-100.0,-92.5,-100.0,-100.0,-100.0,-100.0,-100.0,-100.0,-100.0,-78.66666666666667,-82.8,-96.0,-100.0,-100.0,-77.0,-78.0,-84.42857142857143
19,Stairs/RightEnd,2,-100.0,-87.5,-100.0,-97.0,-100.0,-100.0,-100.0,-100.0,-100.0,-87.41666666666667,-88.14285714285714,-84.0,-100.0,-89.0,-100.0,-100.0,-88.46666666666667
19,Stairs/RightEnd,3,-89.0,-81.5,-100.0,-100.0,-100.0,-100.0,-100.0,-100.0,-100.0,-83.11111111111111,-87.5,-83.0,-100.0,-93.0,-89.0,-89.0,-87.8
19,Stairs/RightEnd,4,-100.0,-83.5,-100.0,-97.0,-100.0,-100.0,-100.0,-100.0,-100.0,-83.5,-89.0,-100.0,-100.0,-93.0,-78.5,-86.0,-87.0
19,Stairs/RightEnd,5,-88.0,-100.0,-100.0,-100.0,-100.0,-100.0,-100.0,-100.0,-100.0,-77.0,-85.5,-100.0,-100.0,-100.0,-90.0,-90.0,-84.25
19,TopPicks/Audiovisual,1,-100.0,-100.0,-100.0,-88.0,-91.5,-89.5,-90.0,-85.5,-100.0,-77.2,-75.46153846153847,-100.0,-100.0,-100.0,-100.0,-100.0,-78.5
19,TopPicks/Audiovisual,2,-100.0,-100.0,-100.0,-96.0,-77.5,-76.0,-92.0,-76.0,-100.0,-68.55555555555556,-74.71428571428571,-100.0,-83.0,-100.0,-100.0,-100.0,-74.45454545454545
19,TopPicks/Audiovisual,3,-100.0,-100.0,-100.0,-84.0,-70.0,-69.5,-100.0,-67.5,-100.0,-74.07692307692308,-71.63636363636364,-100.0,-100.0,-100.0,-100.0,-96.0,-77.66666666666667
19,TopPicks/Audiovisual,4,-100.0,-100.0,-76.0,-100.0,-85.0,-84.0,-100.0,-81.5,-78.0,-72.33333333333333,-72.38461538461539,-100.0,-91.0,-100.0,-100.0,-100.0,-73.53846153846153
19,TopPicks/Audiovisual,5,-100.0,-100.0,-100.0,-84.0,-87.0,-86.0,-92.0,-86.0,-100.0,-73.0,-74.08333333333333,-100.0,-93.0,-100.0,-94.0,-92.0,-77.3076923076923
